德昌藥局-人氣商品-LOVE FACE...,"$6,600"
德昌藥局【官網獨家限量買1送1】蘇菲超熟睡極緻柔貼34CM 12P,$89
德昌藥局-呵護小公主【嬌生嬰兒】活力亮澤洗髮露 (摩洛哥堅果油)...,$169
德昌藥局【Probo博寶兒】護敏洗髮露-佩佩豬 500ML / 罐,$159
德昌藥局【沛力明升級版】馬尚豪-沛力明晶鑽60T/罐 (買4再送3),"$1,800"
德昌藥局【馬尚豪】草本蜂膠口含錠 20T /盒,$120
德昌藥局-馬尚豪_魚油+深海鮫魚肝油軟膠囊 90T /瓶...,"$1,500"
德昌藥局-馬尚豪E敏素60T (需冷藏) /盒,"$2,000"
德昌藥局【護德你】防護液100ML / 瓶,$199
德昌藥局【藥師熊】蘋果牛奶嬰兒潤膚乳液 395ML /2瓶,$198
德昌藥局【藥師熊】蘋果牛奶嬰兒洗髮沐浴露 395ML /2瓶,$198
德昌藥局【官網獨家限量買1送1】蘇菲超熟睡極緻柔貼34CM 12P,$89
德昌藥局-人氣商品-LOVE FACE...,"$6,600"
德昌藥局-呵護小公主【嬌生嬰兒】活力亮澤洗髮露 (摩洛哥堅果油)...,$169
德昌藥局【Probo博寶兒】護敏洗髮露-佩佩豬 500ML / 罐,$159
德昌藥局【沛力明升級版】馬尚豪-沛力明晶鑽60T/罐 (買4再送3),"$1,800"
德昌藥局【馬尚豪】草本蜂膠口含錠 20T /盒,$120
德昌藥局-馬尚豪_魚油+深海鮫魚肝油軟膠囊 90T /瓶...,"$1,500"
德昌藥局-馬尚豪E敏素60T (需冷藏) /盒,"$2,000"
德昌藥局【護德你】防護液100ML / 瓶,$199
德昌藥局【藥師熊】蘋果牛奶嬰兒潤膚乳液 395ML /2瓶,$198
德昌藥局【藥師熊】蘋果牛奶嬰兒洗髮沐浴露 395ML /2瓶,$198
德昌藥局【藥師熊】蘋果牛奶嬰兒泡泡沐浴慕斯 395ML /2瓶,$189
德昌藥局【維持關膝良好的關鍵鏈】~馬尚豪-康博士膜衣錠#小/90錠...,"$1,000"
德昌藥局-人氣商品-LOVE FACE...,"$6,600"
德昌藥局【新品上市】滿意寶寶極緻呵護L 52P *4包/箱,"$2,080"
德昌藥局【新品上市】滿意寶寶極緻呵護S 60P*4包/箱,"$1,620"
德昌藥局【新品上市】滿意寶寶極緻呵護M 62P *4包/箱,"$2,080"
德昌藥局【新包裝】滿意寶寶M瞬潔乾爽 62片*4包/箱,"$1,650"
德昌藥局【新包裝】滿意寶寶L瞬潔乾爽52片 *4包/箱,"$1,650"
德昌藥局【新包裝】滿意寶寶XL瞬潔乾爽44片 *4包/箱,"$1,650"
德昌藥局【亞培安素】香草清甜禮盒8罐裝 /盒,$495
德昌藥局【箱購免運】亞培葡勝納SR菁選-原味無糖 *30罐/箱,"$2,250"
德昌藥局-免運箱購價【亞培安素】原味菁選(不甜)237ML...,"$1,500"
德昌藥局【維持關膝良好的關鍵鏈】~馬尚豪-康博士膜衣錠#小/90錠...,"$1,000"
德昌藥局-人氣商品-LOVE FACE...,"$6,600"
德昌藥局【新品上市】滿意寶寶極緻呵護L 52P *4包/箱,"$2,080"
德昌藥局【新品上市】滿意寶寶極緻呵護S 60P*4包/箱,"$1,620"
德昌藥局【新品上市】滿意寶寶極緻呵護M 62P *4包/箱,"$2,080"
德昌藥局【新包裝】滿意寶寶M瞬潔乾爽 62片*4包/箱,"$1,650"
德昌藥局【新包裝】滿意寶寶L瞬潔乾爽52片 *4包/箱,"$1,650"
德昌藥局【新包裝】滿意寶寶XL瞬潔乾爽44片 *4包/箱,"$1,650"
德昌藥局【亞培安素】香草清甜禮盒8罐裝 /盒,$495
德昌藥局【箱購免運】亞培葡勝納SR菁選-原味無糖 *30罐/箱,"$2,250"
德昌藥局-免運箱購價【亞培安素】原味菁選(不甜)237ML...,"$1,500"
德昌藥局【外出媽咪必備】六甲村-10055寬口拋棄式奶瓶五入組,$119
德昌藥局【維持關膝良好的關鍵鏈】~馬尚豪-康博士膜衣錠#大/300...,"$3,000"
德昌藥局【維持關膝良好的關鍵鏈】~馬尚豪-康博士膜衣錠#小/90錠...,"$1,000"
德昌藥局-亞培小安素強護奶粉 1600G/罐,"$1,239"
德昌藥局-馬尚豪-一日鈣 30T/瓶 (買兩瓶再送一瓶),$500
德昌藥局【關節保養】關力素全素MK-7型乳油木果50T /罐,"$1,500"
德昌藥局【孕哺兒 小兒系列】小維他營養嚼錠150粒 / 罐,$499
德昌藥局-新品上市【孕哺兒】媽媽葉酸口嚼錠60粒 /罐,$499
德昌藥局-金克寧銀養奶粉#雙效配方1.5KG /罐,$760
德昌藥局【桂格】活靈芝6入 /盒,$339
德昌藥局【台糖】蜆精6罐入/盒,$369
德昌藥局【維持關膝良好的關鍵鏈】~馬尚豪-康博士膜衣錠#大/300...,"$3,000"
德昌藥局【維持關膝良好的關鍵鏈】~馬尚豪-康博士膜衣錠#小/90錠...,"$1,000"
德昌藥局-馬尚豪-一日鈣 30T/瓶 (買兩瓶再送一瓶),$500
德昌藥局【關節保養】關力素全素MK-7型乳油木果50T /罐,"$1,500"
德昌藥局【桂格】活靈芝6入 /盒,$339
德昌藥局【台糖】蜆精6罐入/盒,$369
德昌藥局【專利配方】生達-蔓越莓益生菌健康粉2G*30包入 /盒,$460
德昌藥局【三多】高纖乳酸菌PP(2G*20包/盒),$499
德昌藥局【三多】木寡糖Plus粉末食品30包入/盒,$399
德昌藥局【小兒利撒爾】活菌12_ 60包入/盒,"$1,200"
德昌藥局-隨身包 好攜帶【H.City】好菌多乳酸菌14包入 / 盒,$200
德昌藥局【維持關膝良好的關鍵鏈】~馬尚豪-康博士膜衣錠#大/300...,"$3,000"
德昌藥局【維持關膝良好的關鍵鏈】~馬尚豪-康博士膜衣錠#小/90錠...,"$1,000"
德昌藥局-馬尚豪-一日鈣 30T/瓶 (買兩瓶再送一瓶),$500
德昌藥局【沛力明升級版】馬尚豪-沛力明晶鑽60T/罐 (買4再送3),"$1,800"
德昌藥局-馬尚豪_魚油+深海鮫魚肝油軟膠囊 90T /瓶...,"$1,500"
德昌藥局-馬尚豪E敏素60T (需冷藏) /盒,"$2,000"
德昌藥局【健康補給站 】益加喜活性高單位維他命C口含錠 (70T)...,$300
德昌藥局-限時特惠【體內環保 口嚼錠...,$950
德昌藥局-馬尚豪-美力股葡萄糖胺液 加強版 750ML...,"$1,500"
德昌藥局-馬尚豪-維他命B-50膠囊 100T/瓶 (買二瓶再送一瓶),"$1,200"
德昌藥局-馬尚豪韻之補(45T*2入) /盒 ~買二盒再送一盒,"$1,000"
德昌藥局【專利配方】生達-蔓越莓益生菌健康粉2G*30包入 /盒,$460
德昌藥局【三多】高纖乳酸菌PP(2G*20包/盒),$499
德昌藥局【三多】木寡糖Plus粉末食品30包入/盒,$399
德昌藥局【小兒利撒爾】活菌12_ 60包入/盒,"$1,200"
德昌藥局-隨身包 好攜帶【H.City】好菌多乳酸菌14包入 / 盒,$200
德昌藥局【紐西蘭原裝進口】雪利頂級綿羊奶粉GOLD(益生菌)...,$950
德昌藥局-景岳金敏亦樂益生菌膠囊60T/盒,"$2,000"
德昌藥局-生達-孅暢乳酸菌 300G /罐,$600
德昌藥局【景岳】咕嚕好菌多益生菌膠囊60T/盒,$600
德昌藥局【長榮生醫】益生循環3.7G*30條 /盒,$780
德昌藥局-馬尚豪E敏素60T (需冷藏) /盒,"$2,000"
德昌藥局【善存】成人綜合維他命發泡錠(20錠),$390
德昌藥局【健康補給站 】益加喜活性高單位維他命C口含錠 (70T)...,$300
德昌藥局【Sunlife...,$350
德昌藥局-馬尚豪-維他命B-50膠囊 100T/瓶 (買二瓶再送一瓶),"$1,200"
德昌藥局-馬尚豪-康健之補綜合維他命(45T*2入) /盒,"$1,200"
德昌藥局-亮活C 高單位維他命C錠 60T,$480
德昌藥局【沛力明升級版】馬尚豪-沛力明晶鑽60T/罐 (買4再送3),"$1,800"
德昌藥局-銀寶善存 50+女性綜合維他命120T,$899
德昌藥局-馬尚豪韻之補(45T*2入) /盒 ~買二盒再送一盒,"$1,000"
德昌藥局【年度銷售冠軍NO.1】馬尚豪元氣補帖10瓶X15ml...,$550
德昌藥局-醇養妍200ml 15包/盒,$699
德昌藥局【營養補給NO.1】馬尚豪-德仙寶膠囊 250T...,"$5,000"
德昌藥局【維持關膝良好的關鍵鏈】~馬尚豪-康博士膜衣錠#小/90錠...,"$1,000"
德昌藥局【桂格】葡萄糖胺奶粉 750G /罐,$389
德昌藥局-【全素可食】維維樂-葡萄糖胺高鈣減糖全素奶粉 900G /罐,$890
德昌藥局-馬尚豪-美力股葡萄糖胺液 加強版 750ML...,"$1,500"
德昌藥局-官網限定【健步如飛組】美力股葡萄糖胺液_加強版(750m...,"$3,000"
德昌藥局【桂格】活靈芝6入 /盒,$339
德昌藥局【台糖】蜆精6罐入/盒,$369
德昌藥局【禮盒裝】親家香檳茸鱸魚萃 10包入/盒,"$1,900"
德昌藥局【禮盒裝】親家萃滴雞精禮盒60mlx6入/盒,$890
德昌藥局-【全素可食】維維樂-葡萄糖胺高鈣減糖全素奶粉 900G /罐,$890
德昌藥局-【營養補充】亞培安素(原味/不甜)237MLX...,"$2,740"
德昌藥局【健康品牌No. 1】白蘭氏傳統雞精(70g*8入),$379
德昌藥局【白蘭氏】旭沛蜆精6罐入/盒,$339
德昌藥局【滋補聖品】桂格-養氣人蔘禮盒 60ml (8入),$460
德昌藥局-桂格-原味玫瑰四物飲6入,$269
德昌藥局-免運費【營養補充】亞培安素(原味/不甜)237ML 24罐/箱,"$1,390"
德昌藥局-金克寧銀養奶粉#雙效配方1.5KG /罐,$760
德昌藥局-亞培適沛 盼納普 -16 女性專用維他命 Abbott...,$300
德昌藥局【桂格】葡萄糖胺奶粉 750G /罐,$389
德昌藥局【紐西蘭原裝進口】雪利頂級綿羊奶粉GOLD(益生菌)...,$950
-德昌藥局-增強體力【克寧】銀養奶粉高鈣B群配方1.5KG,$439
德昌藥局-專為50歲以上【安怡Anlene】長青高鈣奶粉1.5kg,$559
德昌藥局【全家人營養補充】克寧高鈣全家人營養奶粉2.2kg/罐,$530
德昌藥局【紐西蘭原裝進口】雪利頂級綿羊奶粉 700G,$850
德昌藥局【營養好喝 】金牌滿點...,$750
德昌藥局-新品上市【美強生】優生媽媽A+奶粉 900G /罐,$669
德昌藥局-銀寶善存 50+女性綜合維他命120T,$899
德昌藥局【外出媽咪必備】六甲村-10055寬口拋棄式奶瓶五入組,$119
德昌藥局-新品上市【孕哺兒】媽媽葉酸口嚼錠60粒 /罐,$499
德昌藥局-亞培適沛 盼納普 -16 女性專用維他命 Abbott...,$300
德昌藥局-美國原裝進口【S-26惠氏 】媽媽藻油DHA膠囊...,"$1,780"
德昌藥局【媽咪營養補給】媽媽孕體菁華奶粉 900G,$680
德昌藥局-新品上市【美強生】優生媽媽A+奶粉 900G /罐,$669
德昌藥局【高規格孕產婦營養品】孕哺兒-卵磷脂燕窩多機能細末(60包入),"$1,500"
德昌藥局【孕媽媽保健聖品】孕哺兒-高單位微藻DHA軟膠囊 30粒,"$1,500"
德昌藥局-馬尚豪韻之補(45T*2入) /盒 ~買二盒再送一盒,"$1,000"
德昌藥局【孕媽媽最愛的營養補充品】孕哺兒-寶貝真珠粉膠囊 60T,"$1,580"
德昌藥局【孕媽媽最愛的營養補充品】孕哺兒-孕哺專用維他命嚼錠(小)...,$880
德昌藥局-亞培小安素強護奶粉 1600G/罐,"$1,239"
德昌藥局-馬尚豪-一日鈣 30T/瓶 (買兩瓶再送一瓶),$500
德昌藥局【孕哺兒 小兒系列】小維他營養嚼錠150粒 / 罐,$499
德昌藥局【小兒利撒爾】晶明葉黃素咀嚼錠42T/盒,$700
德昌藥局【小兒利撒爾】活菌12_ 60包入/盒,"$1,200"
德昌藥局【雪印SNOW BRAND】MBP每日健骨飲品*10瓶/盒,$750
德昌藥局【營養補充 grow up】桂格成長三益菌奶粉1.5KG,$799
德昌藥局-馬尚豪E敏素60T (需冷藏) /盒,"$2,000"
德昌藥局【健康補給站 】益加喜活性高單位維他命C口含錠 (70T)...,$300
德昌藥局【孩子成長的陪伴好友】孕哺兒小兒維他命C口嚼錠...,$399
德昌藥局-限時特惠【營養好吃的營養品】金牌森永-頂級綜合羊乳片12...,$150
德昌藥局【彌月送禮首選】幫寶適一級幫禮盒(S*2+M*1),"$1,239"
德昌藥局【亞培安素】香草清甜禮盒8罐裝 /盒,$495
德昌藥局【台糖】蜆精6罐入/盒,$369
德昌藥局【禮盒裝】親家萃滴雞精禮盒60mlx6入/盒,$890
德昌藥局【貝恩】嬰兒歡心禮盒4件組,$589
德昌藥局【健康品牌No. 1】白蘭氏傳統雞精(70g*8入),$379
德昌藥局【送禮體面大方 ‧實用粉嫩彌月禮】--Hello...,$790
德昌藥局-馬尚豪金有機活力養生素(加強版)_900G/罐...,$850
德昌藥局-馬尚豪-美力股葡萄糖胺液 加強版 750ML...,"$1,500"
德昌藥局【年度銷售冠軍NO.1】馬尚豪元氣補帖10瓶X15ml...,$550
德昌藥局【白蘭氏】旭沛蜆精6罐入/盒,$339
德昌藥局【彌月送禮首選】幫寶適一級幫禮盒(S*2+M*1),"$1,239"
德昌藥局【亞培安素】香草清甜禮盒8罐裝 /盒,$495
德昌藥局【台糖】蜆精6罐入/盒,$369
德昌藥局【禮盒裝】親家萃滴雞精禮盒60mlx6入/盒,$890
德昌藥局【貝恩】嬰兒歡心禮盒4件組,$589
德昌藥局【健康品牌No. 1】白蘭氏傳統雞精(70g*8入),$379
德昌藥局【送禮體面大方 ‧實用粉嫩彌月禮】--Hello...,$790
德昌藥局-馬尚豪金有機活力養生素(加強版)_900G/罐...,$850
德昌藥局-馬尚豪-美力股葡萄糖胺液 加強版 750ML...,"$1,500"
德昌藥局【年度銷售冠軍NO.1】馬尚豪元氣補帖10瓶X15ml...,$550
德昌藥局【白蘭氏】旭沛蜆精6罐入/盒,$339
德昌藥局【專科】完美防晒水凝膠 80G /瓶,$323
德昌藥局【叮寧】寶貝有機(慕斯)精油小黑蚊防蚊液50g /罐,$279
德昌藥局【 Mustela 慕之恬廊】高效性兒童防曬乳 SPF50...,$396
德昌藥局【HELLO KITTY 】凱蒂貓造型防蚊貼片12+6P /盒,$89
德昌藥局【香蕉船】兒童系列防曬乳液SPF50 90ml /罐,$299
德昌藥局【小不叮】驅蚊滾珠乳100ML升級版(全家用) / 瓶,$330
德昌藥局【叮寧】寶貝有機精油小黑蚊防蚊液80g /罐,$289
德昌藥局【小不叮】驅蚊噴霧120ML升級版(嬰幼用),$320
德昌藥局【小不叮】小黑蚊驅蚊貼片12P(嬰幼用),$150
德昌藥局【雪芙蘭】超水感高效防曬噴霧(防水型)SPF50+ 50g /瓶,$179
德昌藥局-3秒防曬不費力【廣源良】沁涼防曬噴霧SPF50 /罐,$289
德昌藥局【專科】完美防晒水凝膠 80G /瓶,$323
德昌藥局【 Mustela 慕之恬廊】高效性兒童防曬乳 SPF50...,$396
德昌藥局【香蕉船】兒童系列防曬乳液SPF50 90ml /罐,$299
德昌藥局【雪芙蘭】超水感高效防曬噴霧(防水型)SPF50+ 50g /瓶,$179
德昌藥局-3秒防曬不費力【廣源良】沁涼防曬噴霧SPF50 /罐,$289
德昌藥局-敏弱肌膚適用【Cetaphil 舒特膚】舒特膚...,$560
德昌藥局【 Mustela 慕之恬廊】高效性兒童防曬乳 SPF50...,$720
德昌藥局【pH5.5 配方】施巴成人防曬乳液SPF50 50ML,$259
德昌藥局【超水感。抗日曬】專科水感Q10保濕防曬乳50G,$279
德昌藥局-夏日熱銷排行NO.1【LOVE...,$799
德昌藥局【LOVE FACE愛戀顏】UV防曬乳SPF28 30ML /瓶,$980
德昌藥局【叮寧】寶貝有機(慕斯)精油小黑蚊防蚊液50g /罐,$279
德昌藥局【HELLO KITTY 】凱蒂貓造型防蚊貼片12+6P /盒,$89
德昌藥局【小不叮】驅蚊滾珠乳100ML升級版(全家用) / 瓶,$330
德昌藥局【叮寧】寶貝有機精油小黑蚊防蚊液80g /罐,$289
德昌藥局【小不叮】驅蚊噴霧120ML升級版(嬰幼用),$320
德昌藥局【小不叮】小黑蚊驅蚊貼片12P(嬰幼用),$150
德昌藥局-韓國 Bikit Guard 救援小英雄 精油防蚊扣...,$135
德昌藥局【德國品牌】貝恩嬰兒防蚊噴液 100ML,$199
德昌藥局-韓國造型時尚【 DS Wing STOP 】精油防蚊扣...,$99
德昌藥局【NAC NAC】草本薰衣草防蚊貼片20入 /盒,$169
德昌藥局【小不叮】紫草膏升級版(全家用),$165
德昌藥局【維持關膝良好的關鍵鏈】~馬尚豪-康博士膜衣錠#小/90錠...,"$1,000"
德昌藥局-藻寡醣褐抑定粉劑 250包入/盒,"$30,000"
德昌藥局-銀寶善存 50+女性綜合維他命120T,$899
德昌藥局-馬尚豪金有機活力養生素(加強版)_900G/罐...,$850
德昌藥局-馬尚豪-美力股葡萄糖胺液 加強版 750ML...,"$1,500"
德昌藥局-馬尚豪-維他命B-50膠囊 100T/瓶 (買二瓶再送一瓶),"$1,200"
德昌藥局【年度銷售冠軍NO.1】馬尚豪元氣補帖10瓶X15ml...,$550
德昌藥局-馬尚豪-德仙寶膠囊 30T /瓶【特惠下單二瓶再送一瓶】,"$1,000"
德昌藥局-官網限定【健步如飛組】美力股葡萄糖胺液_加強版(750m...,"$3,000"
德昌藥局-馬尚豪 珊鈣好120T/盒 (買二盒再送一盒),"$1,500"
銀寶善存 50+男性綜合維他命120T,$899
德昌藥局【維持關膝良好的關鍵鏈】~馬尚豪-康博士膜衣錠#小/90錠...,"$1,000"
德昌藥局-藻寡醣褐抑定粉劑 250包入/盒,"$30,000"
德昌藥局-銀寶善存 50+女性綜合維他命120T,$899
德昌藥局-馬尚豪金有機活力養生素(加強版)_900G/罐...,$850
德昌藥局-馬尚豪-美力股葡萄糖胺液 加強版 750ML...,"$1,500"
德昌藥局-馬尚豪-維他命B-50膠囊 100T/瓶 (買二瓶再送一瓶),"$1,200"
德昌藥局【年度銷售冠軍NO.1】馬尚豪元氣補帖10瓶X15ml...,$550
德昌藥局-馬尚豪-德仙寶膠囊 30T /瓶【特惠下單二瓶再送一瓶】,"$1,000"
德昌藥局-官網限定【健步如飛組】美力股葡萄糖胺液_加強版(750m...,"$3,000"
德昌藥局-馬尚豪 珊鈣好120T/盒 (買二盒再送一盒),"$1,500"
銀寶善存 50+男性綜合維他命120T,$899
德昌藥局【自然補劑】勤寮素左旋麩醯胺酸複方粉300g 一罐,"$1,500"
德昌藥局-【濡洱沐康】全方位胺基酸 600G-杏仁口味/罐...,"$1,200"
德昌藥局-藻寡醣-加強配方60T,"$3,000"
德昌藥局【自然補劑】勤寮素左旋麩醯胺酸複方粉300g 一罐,"$1,500"
德昌藥局-【濡洱沐康】全方位胺基酸 600G-杏仁口味/罐...,"$1,200"
德昌藥局-藻寡醣-加強配方60T,"$3,000"
德昌藥局【沛力明升級版】馬尚豪-沛力明晶鑽60T/罐 (買4再送3),"$1,800"
德昌藥局-菁采葉黃素複方軟膠囊60粒(全素),$900
德昌藥局-馬尚豪納豆通之元60粒/盒 【特惠買二再送一】,"$1,800"
德昌藥局【沛力明升級版】馬尚豪-沛力明晶鑽60T/罐 (買4再送3),"$1,800"
德昌藥局-菁采葉黃素複方軟膠囊60粒(全素),$900
德昌藥局【靠得住】柔綿超薄產褥墊35cm 20片/包,$69
德昌藥局-新品上市【孕哺兒】媽媽葉酸口嚼錠60粒 /罐,$499
德昌藥局-日本OSAKI Monari清淨棉40入/盒,$164
德昌藥局-韓國 【BABYJOY...,$189
德昌藥局-新品上市【美強生】優生媽媽A+奶粉 900G /罐,$669
德昌藥局-日本《Pigeon 貝親》防溢乳墊126P/包,$359
德昌藥局【德國品牌】貝恩美體撫紋霜200ML 一罐,$899
德昌藥局【撫平及淡化細紋，預防肌膚細紋產生】施巴彈力除紋妊娠霜~2...,$990
德昌藥局【Mustela慕之恬廊】慕之孕孕膚霜 150ml / 瓶,"$1,145"
德昌藥局【德國sanosan珊諾】天然海洋香洗髮沐浴露250ml,$159
德昌藥局【貝親】乳頭清淨棉,$199
德昌藥局【六甲村】加大型產褥墊5入,$175
德昌藥局【靠得住】柔綿超薄產褥墊35cm 20片/包,$69
德昌藥局-新品上市【孕哺兒】媽媽葉酸口嚼錠60粒 /罐,$499
德昌藥局-日本OSAKI Monari清淨棉40入/盒,$164
德昌藥局-韓國 【BABYJOY...,$189
德昌藥局-新品上市【美強生】優生媽媽A+奶粉 900G /罐,$669
德昌藥局-日本《Pigeon 貝親》防溢乳墊126P/包,$359
德昌藥局【德國品牌】貝恩美體撫紋霜200ML 一罐,$899
德昌藥局【撫平及淡化細紋，預防肌膚細紋產生】施巴彈力除紋妊娠霜~2...,$990
德昌藥局【Mustela慕之恬廊】慕之孕孕膚霜 150ml / 瓶,"$1,145"
德昌藥局【貝親】乳頭清淨棉,$199
德昌藥局【培寶】蝶型3D立體母乳墊(52片),$225
德昌藥局【Mustela慕之恬廊】慕之孕孕膚霜 150ml / 瓶,"$1,145"
德昌藥局【德國sanosan珊諾】天然海洋香洗髮沐浴露250ml,$159
德昌藥局【德國sanosan珊諾】孕媽咪抗紋調理按摩油100ML,$578
德昌藥局【外出媽咪必備】六甲村-10055寬口拋棄式奶瓶五入組,$119
德昌藥局【外出媽咪必備】六甲村-10056拋棄式奶瓶專用配件組,$79
德昌藥局【外出媽咪必備】舒適牌~兩用兒童乘車輔助帶(顏色隨機),$470
德昌藥局【西瓜哥哥限定組合】T-Spray...,$269
德昌藥局【西瓜哥哥限定組合】T-Spray...,$269
德昌藥局【西瓜哥哥限定組合】T-Spray...,$269
德昌藥局【 Love Child 加拿大寶貝泥...,$118
德昌藥局【 Love Child 加拿大寶貝泥...,$118
德昌藥局【 Love Child 加拿大寶貝泥...,$118
德昌藥局【 Love Child 加拿大寶貝泥...,$118
德昌藥局【 Love Child 加拿大寶貝泥...,$118
德昌藥局【小獅王辛巴 simba...,$190
德昌藥局【小獅王】PPSU自動把手滑蓋杯240ml (櫻花),$399
德昌藥局【施巴】嬰兒洗髮乳250ml / 罐,$335
德昌藥局-拒絕紅屁屁【施巴5.5】施巴嬰兒護疹修護膏100ML,$289
德昌藥局【小獅王】滑溜溜專利奶粉盒/個,$110
德昌藥局【Baan 貝恩 】貝恩菩提花沐浴精Baby Soft...,$120
德昌藥局【德國品牌】貝恩全效護膚膏 50ML,$192
德昌藥局【德國sanosan珊諾】天然清新香洗髮沐浴露250ml,$159
德昌藥局【媽媽哺育的最佳選擇】培寶分離式三層奶粉盒/個,$165
德昌藥局【德國sanosan珊諾】寶寶沐浴澎澎超值組,$588
德昌藥局【德國品牌】貝恩嬰兒防蚊噴液 100ML,$199
德昌藥局-限時特惠【藥師熊】蔬果奶瓶清潔液850ML /瓶...,$149
德昌藥局【藥師熊】蘋果牛奶嬰兒潤膚乳液 395ML /2瓶,$198
德昌藥局【藥師熊】蘋果牛奶嬰兒洗髮沐浴露 395ML /2瓶,$198
德昌藥局【施巴】嬰兒洗髮乳250ml / 罐,$335
德昌藥局-拒絕紅屁屁【施巴5.5】施巴嬰兒護疹修護膏100ML,$289
德昌藥局【施巴5.5】施巴嬰兒泡泡浴露500ML*2罐入,$788
德昌藥局【Sebamed】施巴嬰兒防曬乳(SPF50)200ML 一罐,$690
德昌藥局【施巴】嬰兒洗髮乳250ml*2罐入,$569
德昌藥局【施巴5.5】施巴嬰兒舒敏乳液200ML 一罐,$399
德昌藥局-施巴5.5 抗乾敏保濕乳液 ★~200ML,$609
德昌藥局-施巴5.5 抗乾敏滋潤浴露 ★~1000ML,$799
德昌藥局【施巴】嬰兒泡泡浴露500ML*2罐,$788
德昌藥局-施巴-BABY粉藍熊語大四件禮盒,"$1,599"
德昌藥局【Sebamed】施巴嬰兒護唇膏4.8G 一條,$139
德昌藥局【德國sanosan珊諾】天然清新香洗髮沐浴露250ml,$159
德昌藥局【德國sanosan珊諾】寶寶沐浴澎澎超值組,$588
德昌藥局【德國sanosan珊諾】天然櫻花香洗潤髮沐浴露250ml,$159
德昌藥局【德國sanosan珊諾】天然櫻花香柔順髮香噴霧125ml,$159
德昌藥局【德國sanosan珊諾】天然櫻花香泡泡慕絲250ml,$220
德昌藥局【德國sanosan珊諾】天然海洋香洗髮沐浴露250ml,$159
德昌藥局【法國品牌】蔻蘿蘭-寶寶爽身粉 100g,$430
德昌藥局【法國品牌】蔻蘿蘭-寶寶洗髮沐浴精 200ML,$430
德昌藥局【法國品牌】蔻蘿蘭-寶寶洗髮沐浴精500ML,$792
德昌藥局【All the Best】CHICCO-嬰兒香乳皂...,$96
德昌藥局【All the...,$464
德昌藥局【All the Best】CHICCO-嬰兒甜蜜蜜旅行組...,$168
德昌藥局【All the Best】CHICCO-天然草本防蚊滾珠...,$199
德昌藥局【All the Best】CHICCO-寶貝嬰兒洗髮精...,$224
德昌藥局【All the Best】CHICCO-嬰兒細緻爽身粉...,$224
德昌藥局【All the Best】CHICCO-嬰兒泡泡浴露...,$224
德昌藥局【All the Best】CHICCO-嬰兒洗髮沐浴乳...,$224
德昌藥局【All the Best】CHICCO-嬰兒潤膚油...,$280
德昌藥局【All the Best】CHICCO-嬰兒加強修護面霜...,$299
德昌藥局【All the Best】CHICCO-嬰兒保濕乳霜...,$315
德昌藥局【媽媽哺育的最佳選擇】培寶分離式三層奶粉盒/個,$165
德昌藥局【bab】培寶木瓜酵素奶瓶清潔劑(1罐2補充包) 一組,$360
德昌藥局【bab】培寶-浴盆 一個,$490
德昌藥局【bab】培寶綠茶洗衣精促銷包(1罐+2包) 一組,$499
德昌藥局【bab】培寶-全自動奶瓶消毒鍋 一入,"$1,260"
德昌藥局【bab】培寶五段式電腦夜光液晶溫控調乳器3.8L 一入,"$2,490"
德昌藥局【bab】培寶e世代蒸汽式奶瓶消毒鍋,$899
德昌藥局【bab】培寶-負離子奶瓶烘乾消毒鍋 一入,"$2,290"
德昌藥局-【bab】培寶-嬰兒洗髮精#綠茶 300ML 一入,$175
德昌藥局-【bab】培寶嬰兒乳液#綠茶 100ML 2入,$250
德昌藥局-【bab】培寶嬰兒涼性爽身粉300G 一入,$99
德昌藥局【小獅王辛巴 simba...,$190
德昌藥局【小獅王】PPSU自動把手滑蓋杯240ml (櫻花),$399
德昌藥局【小獅王】滑溜溜專利奶粉盒/個,$110
德昌藥局【小獅王】瑞士小白花嬰兒按摩油 200ML,$299
德昌藥局【阿爾卑斯山小白花】小獅王-PH5.5嬰兒泡泡浴露 500ML,$210
德昌藥局【體驗自然哺育的感動】小獅王-PPSU自動把手寬口雙凹中奶...,$338
德昌藥局【小獅王】PPSU自動把手滑蓋杯替換吸管組(2入),$95
德昌藥局【小獅王】PPSU自動把手滑蓋杯240ml(迷彩),$399
德昌藥局【小獅王】PPSU自動把手滑蓋杯240ml(豹紋),$399
德昌藥局【小獅王】溜滑梯專利衛生奶粉盒,$179
德昌藥局-副食品必備【小獅王】軟質湯匙,$69
德昌藥局【KUKU】神奇喝水杯 (藍/粉) /個,$240
德昌藥局【Baby's friend 酷咕鴨】KUKU-鴨妙齒刷,$152
德昌藥局【Baby's friend 酷咕鴨】KUKU-玩耍薄肚圍-L,$165
德昌藥局【Baby's friend...,$166
德昌藥局【Baby's friend...,$166
德昌藥局【Baby's friend...,$242
德昌藥局【Baby's friend...,$255
德昌藥局【Baby's friend...,$259
德昌藥局【Baby's friend 酷咕鴨】KUKU-紗布毛巾浴巾,$399
德昌藥局【Baby's friend...,$399
德昌藥局【Baby's friend...,$439
德昌藥局【Baan 貝恩 】貝恩菩提花沐浴精Baby Soft...,$120
德昌藥局【德國品牌】貝恩全效護膚膏 50ML,$192
德昌藥局【德國品牌】貝恩嬰兒防蚊噴液 100ML,$199
德昌藥局【德國第一品牌】貝恩嬰兒歡樂洗澡組(泡泡香浴露1000ML...,$599
德昌藥局【德國品牌】Baan貝恩全效護膚膏 150ML / 瓶,$336
德昌藥局【德國品牌】貝恩嬰兒防蚊貼25P*2盒入 /組,$349
德昌藥局【彌月送禮首選】幫寶適一級幫禮盒(S*2+M*1),"$1,239"
德昌藥局【新品上市】滿意寶寶極緻呵護L 52P *4包/箱,"$2,080"
德昌藥局【新品上市】滿意寶寶極緻呵護S 60P*4包/箱,"$1,620"
德昌藥局【新品上市】滿意寶寶極緻呵護M 62P *4包/箱,"$2,080"
德昌藥局【GOO.N 日本大王】頂級境內版紙尿褲S (50片x4包),"$1,250"
德昌藥局【GOO.N 日本大王】頂級境內版紙尿褲NB (36片x3包),$690
德昌藥局【新包裝】滿意寶寶M瞬潔乾爽 62片*4包/箱,"$1,650"
德昌藥局【新包裝】滿意寶寶L瞬潔乾爽52片 *4包/箱,"$1,650"
德昌藥局【新包裝】滿意寶寶XL瞬潔乾爽44片 *4包/箱,"$1,650"
德昌藥局【新品上市 箱購優惠】幫寶適一級幫L 42片/包 (4包/箱),"$1,950"
德昌藥局【新品上市 箱購優惠】幫寶適一級幫M 52片/包 (4包/箱),"$1,950"
德昌藥局【GOO.N 日本大王】頂級境內版紙尿褲S (50片x4包),"$1,250"
德昌藥局【GOO.N 日本大王】頂級境內版紙尿褲NB (36片x3包),$690
德昌藥局【日本大王】樂樂褲L多啦A夢限量版 (42片x3包/箱)【箱購】,"$1,295"
德昌藥局【日本大王】樂樂褲XXL多啦A夢限量版...,"$1,295"
德昌藥局【彌月送禮首選】幫寶適一級幫禮盒(S*2+M*1),"$1,239"
德昌藥局【新品上市 箱購優惠】幫寶適一級幫L 42片/包 (4包/箱),"$1,950"
德昌藥局【新品上市 箱購優惠】幫寶適一級幫M 52片/包 (4包/箱),"$1,950"
德昌藥局【新品上市 箱購優惠】幫寶適一級幫NB 32片/包 (4包/箱),"$1,650"
德昌藥局【新品上市 箱購優惠】幫寶適一級幫S 60片/包 (4包/箱),"$1,758"
德昌藥局【新品上市 箱購優惠】幫寶適一級幫XL 33片/包 (4包/箱),"$1,950"
德昌藥局【新品上市 箱購優惠】幫寶適一級幫拉拉褲XXL 25片/包...,"$1,950"
德昌藥局【新品上市 箱購優惠】幫寶適一級幫拉拉褲L 36片/包...,"$1,750"
德昌藥局【新品上市 箱購優惠】幫寶適一級幫拉拉褲XL 30片/包...,"$1,750"
德昌藥局【新品上市 箱購優惠】幫寶適一級幫拉拉褲M 44片/包...,"$1,750"
德昌藥局【新品上市】幫寶適超薄乾爽拉拉褲XL-32P (6包/箱),"$1,895"
德昌藥局-金好奇PH5.5 XL尿布40+8P (4包/箱),"$1,476"
德昌藥局-好奇白金級L頂級守護44片(3包/箱),"$1,300"
德昌藥局-金好奇PH5.5 XXL尿布25P+2 (6包/箱),"$2,029"
德昌藥局-金好奇PH5.5 M尿布58+8P (4包/箱),"$1,476"
德昌藥局-金好奇PH5.5 L尿布46+8P (4包/箱),"$1,532"
德昌藥局-【新品上市】好奇白金級新生賀禮尿布禮盒,$899
德昌藥局-好奇白金級S頂級守護52片(3包/箱),"$1,039"
德昌藥局-好奇白金級NB頂級守護40片(3包/箱),$700
德昌藥局-好奇白金級XL頂級守護35片(3包/箱),"$1,300"
德昌藥局-【免運費】妙而舒金緻柔點成長禮盒,"$1,059"
德昌藥局-【免運費 送禮自用兩相宜】妙而舒頂級舒爽新生禮盒,"$1,069"
德昌藥局-【免運費 送禮自用兩相宜】妙而舒S頂級舒爽78片 (3包/箱),"$1,250"
德昌藥局-NEW 新包裝_妙而舒L瞬吸舒爽52P (4包/箱),"$1,650"
德昌藥局-NEW 新包裝_妙而舒M瞬吸舒爽66P (3包/箱),"$1,250"
德昌藥局-妙而舒XL瞬吸舒爽44P (4包/箱),"$1,650"
德昌藥局-妙而舒NB頂級舒爽42片 (4包/箱),$760
德昌藥局-全新包裝_妙而舒M金緻柔點透氣 42片 (4包/箱),"$1,360"
德昌藥局-全新包裝_妙而舒L金緻柔點透氣36P (4包/箱),"$1,360"
德昌藥局-全新包裝_妙而舒S金緻柔點透氣 54片 (4包/箱),"$1,360"
德昌藥局-妙而舒XL金緻柔點透氣28P (6包/箱),"$1,990"
德昌藥局【新品上市】滿意寶寶極緻呵護L 52P *4包/箱,"$2,080"
德昌藥局【新品上市】滿意寶寶極緻呵護S 60P*4包/箱,"$1,620"
德昌藥局【新品上市】滿意寶寶極緻呵護M 62P *4包/箱,"$2,080"
德昌藥局【新包裝】滿意寶寶M瞬潔乾爽 62片*4包/箱,"$1,650"
德昌藥局【新包裝】滿意寶寶L瞬潔乾爽52片 *4包/箱,"$1,650"
德昌藥局【新包裝】滿意寶寶XL瞬潔乾爽44片 *4包/箱,"$1,650"
德昌藥局【滿意寶寶】 兒童系列女用晚安褲22片/包 (3包/箱),"$1,297"
德昌藥局【滿意寶寶】XXL輕巧穿褲型/男用19片(4包/箱),"$1,296"
德昌藥局【滿意寶寶 MOONY】日本頂級超薄紙尿褲女用(L)...,"$1,750"
德昌藥局日本銷售No1.【滿意寶寶 moony】玩水褲 男/女...,$139
德昌藥局-Moony頂級M日本頂級尿布64P *4包/箱,"$2,016"
德昌藥局-【金貝貝】金貝貝XXL棉柔透氣 27+1片 6包/箱,"$1,500"
德昌藥局-【金貝貝】金貝貝XL棉柔透氣 40+4片 4包/箱,"$1,036"
德昌藥局-【金貝貝】金貝貝L棉柔透氣 46+4片 4包/箱,"$1,036"
德昌藥局【外出媽咪必備】六甲村-10055寬口拋棄式奶瓶五入組,$119
德昌藥局-貝瑞克掌上型電動吸乳器-L667 /台,"$2,690"
德昌藥局-韓國 【BABYJOY...,$189
德昌藥局【小獅王】滑溜溜專利奶粉盒/個,$110
德昌藥局【NAC NAC】微電腦多功能溫奶器UC-0031,"$1,690"
德昌藥局【媽媽哺育的最佳選擇】培寶分離式三層奶粉盒/個,$165
德昌藥局【韓國特製】愛迪生-不鏽鋼幼兒學習匙叉組,$239
德昌藥局【網路熱銷】PHILIPS 早產/新生兒專用奶嘴(香草味...,$128
德昌藥局【網路熱銷】PHILIPS 飛利浦...,$128
德昌藥局【體驗自然哺育的感動】小獅王-PPSU自動把手寬口雙凹中奶...,$338
德昌藥局【小獅王】溜滑梯專利衛生奶粉盒,$179
德昌藥局【外出媽咪必備】六甲村-10055寬口拋棄式奶瓶五入組,$119
德昌藥局【外出媽咪必備】六甲村-10056拋棄式奶瓶專用配件組,$79
德昌藥局【外出媽咪必備】舒適牌~兩用兒童乘車輔助帶(顏色隨機),$470
德昌藥局【 Love Child 加拿大寶貝泥...,$118
德昌藥局【 Mustela 慕之恬廊】高效性兒童防曬乳 SPF50...,$396
德昌藥局【香蕉船】兒童系列防曬乳液SPF50 90ml /罐,$299
德昌藥局【小不叮】驅蚊噴霧120ML升級版(嬰幼用),$320
德昌藥局【小不叮】小黑蚊驅蚊貼片12P(嬰幼用),$150
德昌藥局【 Mustela 慕之恬廊】高效性兒童防曬乳 SPF50...,$720
德昌藥局【Mother-K 】寶寶奶粉抗菌防靜電儲存袋(30入)/盒,$180
德昌藥局【亞米兔】舒適嬰童腰凳揹袋 (黑/紫/紅色 請擇一),$790
德昌藥局【西瓜哥哥限定組合】T-Spray...,$269
德昌藥局【西瓜哥哥限定組合】T-Spray...,$269
德昌藥局【西瓜哥哥限定組合】T-Spray...,$269
德昌藥局【NAC NAC】草本呵護泡泡浴露 /罐,$199
德昌藥局-義大利品牌【chicco】原生脂嬰兒洗髮沐浴露200ml /瓶,$305
德昌藥局【嬌生】嬰兒爽身粉-甜夢 400G/罐,$125
德昌藥局【嬌生】嬰兒爽身粉(三重配方) 400G/罐,$125
德昌藥局【NAC NAC】植物酵素爽身粉90G,$165
德昌藥局【Mustela慕之恬廊 】舒恬良雙潔乳200ML /瓶,$499
德昌藥局【NAC NAC】草本酵素酵素入浴劑1罐+1包入,$525
德昌藥局-呵護小公主【嬌生嬰兒】活力亮澤洗髮露 (摩洛哥堅果油)...,$169
德昌藥局【外出媽咪必備】六甲村-10055寬口拋棄式奶瓶五入組,$119
德昌藥局【 Love Child 加拿大寶貝泥...,$118
德昌藥局【 Love Child 加拿大寶貝泥...,$118
德昌藥局【 Love Child 加拿大寶貝泥...,$118
德昌藥局【 Love Child 加拿大寶貝泥...,$118
德昌藥局【 Love Child 加拿大寶貝泥...,$118
德昌藥局【 Love Child 加拿大寶貝泥...,$118
德昌藥局-愛兒優佳1-3歲成長奶粉1800G...,$950
德昌藥局-亞培小安素強護奶粉 1600G/罐,"$1,239"
德昌藥局【桂格Health】 小朋友三益菌奶粉1.5KG /罐,$719
德昌藥局亞培小安素強護奶粉 850G /罐,$719
德昌藥局-惠幼益兒壯-蘋果電解質液360ml＊4罐入,$150
德昌藥局-美多樂電解發泡粉5P,$100
德昌藥局-惠幼益兒壯-草莓電解質液360ml X 4罐,$150
德昌藥局-惠幼益兒壯-葡萄電解質液360ml＊4罐入,$150
德昌藥局-惠幼益兒壯-百香果電解質液360ml＊4罐入,$150
德昌藥局-惠幼Kinderlyte益兒壯(蘋果)500ml-(24...,"$1,680"
德昌藥局【外出媽咪必備】六甲村-10055寬口拋棄式奶瓶五入組,$119
德昌藥局【外出媽咪必備】六甲村-10055寬口拋棄式奶瓶五入組,$119
德昌藥局-愛兒優佳1-3歲成長奶粉1800G...,$950
德昌藥局-亞培小安素強護奶粉 1600G/罐,"$1,239"
德昌藥局【桂格Health】 小朋友三益菌奶粉1.5KG /罐,$719
德昌藥局亞培小安素強護奶粉 850G /罐,$719
德昌藥局【金選明治】成長奶粉850G/罐,$600
德昌藥局【營養補充 grow up】桂格成長三益菌奶粉1.5KG,$799
德昌藥局【營養好喝 】金牌滿點...,$750
德昌藥局【亞培】心美力兒童奶粉4號 (1.7kg ),$968
德昌藥局【Baby's friend 酷咕鴨】KUKU-玩耍薄肚圍-L,$165
德昌藥局【Baby's friend...,$166
德昌藥局【Baby's friend...,$166
德昌藥局【貝親】超跑搖擺學步車,"$1,990"
德昌藥局【迪士尼系列】米妮聲光飛機滑行助步車,"$1,905"
德昌藥局【迪士尼系列】米奇聲光飛機滑行助步車,"$1,905"
德昌藥局【彌月送禮首選】幫寶適一級幫禮盒(S*2+M*1),"$1,239"
德昌藥局【培寶】超厚柔護手口臉用柔濕巾80抽(3包入/串)...,$895
德昌藥局-Moony頂級M日本頂級尿布64P *4包/箱,"$2,016"
德昌藥局【Baan 貝恩 】貝恩菩提花沐浴精Baby Soft...,$120
德昌藥局【拭拭樂】超純水濕巾-無蓋85抽3包入/串-箱購(12串/...,"$1,188"
德昌藥局【百貨專櫃】NAC NAC-牛奶燕麥潔膚禮盒,$499
德昌藥局-【免運費】妙而舒金緻柔點成長禮盒,"$1,059"
德昌藥局-【免運費 送禮自用兩相宜】妙而舒頂級舒爽新生禮盒,"$1,069"
德昌藥局【貝恩】嬰兒寶貝禮盒5件組,$999
德昌藥局【貝恩】嬰兒歡心禮盒4件組,$589
德昌藥局-送禮自用皆宜【慕之恬廊】嬰兒清潔護膚禮盒,$890
德昌藥局【包大人】加厚濕紙巾 80抽x24包/箱,"$1,250"
德昌藥局【箱購特惠】麗莎有蓋嬰兒柔濕巾70抽 (32包)/箱,$999
德昌藥局【培寶】超厚柔護手口臉用柔濕巾80抽(3包入/串)...,$895
德昌藥局【拭拭樂】超純水濕巾-無蓋85抽3包入/串-箱購(12串/...,"$1,188"
德昌藥局【小獅王】生醫級EDI超厚柔濕巾90抽*3包入,$179
德昌藥局【培寶】超厚柔護手口臉用柔濕巾80抽3包入/串,$159
德昌藥局【小獅王】PPSU自動把手滑蓋杯240ml (櫻花),$399
德昌藥局-Basilic【貝喜力克】滑蓋喝水杯240ML / 個...,$269
德昌藥局【小獅王】不滴水好樂杯 (顏色採隨機出貨),$193
德昌藥局【可愛造型學習杯】喜多晶彩學飲杯180ML (不挑款),$120
德昌藥局【KUKU】神奇喝水杯 (藍/粉) /個,$240
德昌藥局【小獅王】PPSU自動把手滑蓋杯替換吸管組(2入),$95
德昌藥局【小獅王】PPSU自動把手滑蓋杯240ml(迷彩),$399
德昌藥局【小獅王】PPSU自動把手滑蓋杯240ml(豹紋),$399
德昌藥局【時尚學習杯】狐狸村-自動彈跳吸管學習杯(藍/粉) 200ml,$266
德昌藥局【Baby's friend...,$255
德昌藥局【Baby's friend...,$259
德昌藥局【Baby's friend...,$399
德昌藥局【Baby's friend...,$439
德昌藥局【Baby's friend...,$524
德昌藥局【大地系、有機棉】小獅王-有機棉塑型枕,$580
德昌藥局【呵護寶貝肌膚】蔻蘿蘭寶寶全能保濕乳40ml /瓶,$400
德昌藥局【慕之恬廊 Mustela...,$289
德昌藥局-貝臣 Bubchen 雪花膏75ml / 罐,$405
德昌藥局【Mustela慕之恬廊】舒恬良滋養型柔舒霜200ML,$668
德昌藥局【德國品牌】貝恩全效護膚膏 50ML,$192
德昌藥局【小獅王】瑞士小白花嬰兒按摩油 200ML,$299
德昌藥局【限時特惠】舒異敏+24H 燕麥精華乳液 200ML/瓶...,$680
德昌藥局-日本艾迪美乳霜(罐裝) 120G,$359
德昌藥局【小獅王】瑞士小白花嬰兒潤膚乳液 200ML,$299
德昌藥局【All the Best】CHICCO-嬰兒潤膚油...,$280
德昌藥局【All the Best】CHICCO-嬰兒加強修護面霜...,$299
德昌藥局【限量搶購】可愛KT化妝刷7件裝鐵盒套組,$120
德昌藥局【理膚寶水】身體濕潤霜 400ML / 瓶,"$1,035"
德昌藥局【理膚寶水】滋養修護潤唇膏 4.7ML /條,$315
德昌藥局【理膚寶水】滋養藥皂 150g /個,$315
德昌藥局-花王洗髮精(清新柔涼型-綠)750ML/罐,$99
德昌藥局-海倫仙度絲(薄荷)去屑洗髮乳750ML /罐,$239
德昌藥局【澡享】沐浴乳(牡丹小蒼蘭)1000ml /瓶,$169
德昌藥局【蜜妮Biore】深層卸妝乳180ml /瓶,$169
德昌藥局【可伶可俐】深層毛孔潔淨洗面乳100G,$99
德昌藥局【肌研】極潤健康深層清潔調理洗面乳 100ML,$236
德昌藥局【水平衡】元素碳男性沐浴乳(麝香)800G,$149
德昌藥局【理膚寶水】滋養藥皂 150g /個,$315
德昌藥局【蜜妮Biore】深層卸妝乳180ml /瓶,$169
德昌藥局【可伶可俐】深層毛孔潔淨洗面乳100G,$99
德昌藥局【肌研】極潤健康深層清潔調理洗面乳 100ML,$236
德昌藥局【曼秀雷敦 】藥用抗痘柔珠洗面乳,$119
德昌藥局【妮維雅】美白洗顏泥100G /支,$79
德昌藥局-資生堂【UNO】新炭洗顏130g / 條,$149
德昌藥局【妮維雅】深層卸妝乳200ml,$199
德昌藥局-新品上市【Avene雅漾】控油清爽卸妝液400ml,$995
德昌藥局-資生堂【UNO】新潤洗顏130g / 條,$149
德昌藥局【曼秀雷敦 】Acnes藥用抗痘洗面乳100g,$109
德昌藥局-花王洗髮精(清新柔涼型-綠)750ML/罐,$99
德昌藥局-海倫仙度絲(薄荷)去屑洗髮乳750ML /罐,$239
德昌藥局【施巴】護色亮采洗髮乳400ML,$399
德昌藥局【落建】頭皮洗髮乳(保濕豐量) 400ML /瓶,$339
德昌藥局【落建】頭皮洗髮露(潔淨健髮)200ml / 瓶,$179
德昌藥局【海倫仙度絲】絲滑去屑洗髮乳750ML,$259
德昌藥局-弱敏頭皮肌膚適用【自然匯InNature...,$480
德昌藥局【KLORANE】蔻蘿蘭防斷修護洗髮精400ML,$624
德昌藥局【KLORANE】蔻蘿蘭量感澎鬆潤髮露 150ML,$384
德昌藥局【KLORANE】蔻蘿蘭控油澎鬆乾洗髮噴霧150ML,$624
德昌藥局【舒妃】山茶花添加毛髮重建調理膠囊30T,$299
德昌藥局【理膚寶水】滋養修護潤唇膏 4.7ML /條,$315
德昌藥局【曼秀雷敦】藥用潤唇膏 護唇膏 3.5g / 條,$99
德昌藥局【雅漾】活泉滋潤護唇膏4G,$360
德昌藥局-日本艾迪美護唇膏#乾裂 10G,$149
德昌藥局【Blistex美國第二大品牌碧唇】碧唇-經典修護潤唇膏 7g,$149
德昌藥局【Blistex美國第二大品牌碧唇】全效修護潤唇膏4.25g,$149
德昌藥局【限量搶購】可愛KT化妝刷7件裝鐵盒套組,$120
德昌藥局【NEO-TEC妮傲絲翠】杏仁酸柔煥膚美白面膜 (4片/盒),$607
德昌藥局★小資女首選【來自星星的你】~韓國最夯蝸牛保濕修護面膜(內...,"$3,900"
德昌藥局【澡享】沐浴乳(牡丹小蒼蘭)1000ml /瓶,$169
德昌藥局【水平衡】元素碳男性沐浴乳(麝香)800G,$149
德昌藥局【澡享】沐浴乳(玫瑰風信子)1000ml /瓶,$169
德昌藥局【施巴】潔膚露 200ml /罐,$219
德昌藥局【依必朗】抗菌洗手露 300ml / 瓶,$65
德昌藥局【沙威隆】抗菌溫和沐浴乳(玫瑰精油)1000ml /罐,$169
德昌藥局-專櫃品牌【CLIVEN香草森林】粉紅軟化角質香水沐浴乳...,$230
德昌藥局【沙威隆】金盞花萃取洗手乳250G,$69
德昌藥局【台塑】胺基酸丰潤肌沐浴精 800g/ 2瓶特惠組,$518
德昌藥局【台塑】冰川水清爽肌沐浴精 800g/ 2瓶特惠組,$518
德昌藥局【台塑】胺基酸清爽肌沐浴乳 800g/ 2瓶特惠組,$518
德昌藥局-專櫃品牌【CLIVEN香草森林】粉紅軟化角質香水沐浴乳...,$230
德昌藥局【理膚寶水】身體濕潤霜 400ML / 瓶,"$1,035"
德昌藥局【Cetaphil 舒特膚】 ERC5強護保濕精華乳85g...,$560
德昌藥局【Cetaphil 舒特膚...,$560
德昌藥局男士專用【妮維雅】男士全效潤膚霜75ml /瓶,$119
德昌藥局【專科】完美多效晚安水凝霜100g,$490
德昌藥局-舒緩肌膚【理膚寶水】B5全面修復霜40ml,$405
德昌藥局【限時特惠】舒異敏+24H 燕麥精華乳液 200ML/瓶...,$680
德昌藥局-日本艾迪美乳霜(罐裝) 120G,$359
德昌藥局【專科】完美多效早安水凝霜90g,$499
德昌藥局【Avene雅漾】舒緩乾癢霜 200ML,"$1,065"
德昌藥局-施巴5.5 抗乾敏保濕乳液 ★~200ML,$609
德昌藥局【水平衡】元素碳男性沐浴乳(麝香)800G,$149
德昌藥局男士專用【妮維雅】男士全效潤膚霜75ml /瓶,$119
德昌藥局【蜜妮】男性專用麝香清新沐浴乳750ml,$139
德昌藥局【蜜妮】白色妙鼻貼男用 10P,$89
德昌藥局【伊的】 Hito男性瞬間控油洗面乳 120G /支,$89
德昌藥局【伊的】 Hito男性清涼按摩洗面乳 120G,$89
德昌藥局【伊的】 Hito男性炭微粒洗面乳 120G,$89
德昌藥局【妮維雅】止汗爽身噴霧_經典呵護系列150ml /罐,$129
德昌藥局【廣源良】噴霧式晒後蘆薈涼膚凝露100ML /瓶,$129
德昌藥局Banana Boat 香蕉船 [曬後修護] 曬後用蘆薈凝露,$199
德昌藥局-人氣商品-LOVE FACE...,"$6,600"
德昌藥局【理膚寶水】身體濕潤霜 400ML / 瓶,"$1,035"
德昌藥局【理膚寶水】滋養藥皂 150g /個,$315
德昌藥局【理膚寶水】全面修復霜B5 100ML /條,$765
德昌藥局-花王洗髮精(清新柔涼型-綠)750ML/罐,$99
德昌藥局-海倫仙度絲(薄荷)去屑洗髮乳750ML /罐,$239
德昌藥局【Avene雅漾】安敏保濕水凝乳50ml /瓶,"$1,024"
德昌藥局【澡享】沐浴乳(牡丹小蒼蘭)1000ml /瓶,$169
德昌藥局【專科】完美防晒水凝膠 80G /瓶,$323
德昌藥局【Dove多芬】滋養沐浴乳200ML /罐,$39
德昌藥局【summer`s eve 舒摩兒】淨潤浴潔露237ML /瓶,$439
德昌藥局-人氣商品-LOVE FACE...,"$6,600"
德昌藥局【Avene雅漾】安敏保濕水凝乳50ml /瓶,"$1,024"
德昌藥局【雅漾】密集美白精華露200ML,"$1,185"
德昌藥局【雅漾】控油抗痘妝前乳40ml,$696
德昌藥局【施巴】護色亮采洗髮乳400ML,$399
德昌藥局【施巴】潔膚露 200ml /罐,$219
德昌藥局【VICHY薇姿】源生白光潤精華30ml /瓶,"$1,185"
德昌藥局【VICHY薇姿】源生白光潤精華水100ml /瓶,$743
德昌藥局-新品上市【Avene雅漾】逆齡緊緻眼霜15ml,"$1,344"
德昌藥局-新品上市【Avene雅漾】緊實彈力滋養霜(滋潤型) 50ml,"$1,065"
德昌藥局-新品上市【Avene雅漾】控油清爽卸妝液400ml,$995
德昌藥局-專櫃品牌【CLIVEN香草森林】粉紅軟化角質香水沐浴乳...,$230
德昌藥局-專櫃品牌【CLIVEN香草森林】牛奶美白保濕沐浴乳...,$399
德昌藥局【CLIVEN香草森林】羊毛脂+牛奶乳清蛋白沐浴乳(壓頭)...,$370
德昌藥局-專櫃品牌【CLIVEN香草森林...,$240
德昌藥局-人氣商品-LOVE FACE...,"$6,600"
德昌藥局-夏日熱銷排行NO.1【LOVE...,$799
德昌藥局【LOVE FACE愛戀顏】UV防曬乳SPF28 30ML /瓶,$980
德昌藥局-回購率NO.1 夏日必備【LOVE...,$799
德昌藥局-LOVE FACE 山芙蓉神奇草本修護凝膠【買2送1】,$550
德昌藥局【LOVE FACE愛戀顏】止汗制臭爽身芳香液-40ml / 罐,$550
德昌藥局-【LOVE...,"$1,490"
德昌藥局-LOVE FACE愛戀顏旅行套組5合1贈精美旅行包,$999
德昌藥局【LOVE FACE愛戀顏】薏苡芢嫩白精純露 120ML,"$1,490"
德昌藥局-LOVE FACE愛戀顏10杯水玻尿酸原液 120ml,"$5,960"
德昌藥局-LOVE FACE愛戀顏 鑽石光煥膚霜30ml,"$2,980"
德昌藥局【Avene雅漾】安敏保濕水凝乳50ml /瓶,"$1,024"
德昌藥局【雅漾】密集美白精華露200ML,"$1,185"
德昌藥局【雅漾】控油抗痘妝前乳40ml,$696
德昌藥局-新品上市【Avene雅漾】逆齡緊緻眼霜15ml,"$1,344"
德昌藥局-新品上市【Avene雅漾】緊實彈力滋養霜(滋潤型) 50ml,"$1,065"
德昌藥局-新品上市【Avene雅漾】控油清爽卸妝液400ml,$995
德昌藥局【Avene雅漾】再生修護霜 40ml,$560
德昌藥局-新品上市【Avene雅漾】控油深層淨化潔膚泥,$780
德昌藥局【Avene雅漾】無皂基潔膚皂 100G,$265
德昌藥局【Avene雅漾】舒緩乾癢沐浴露 400ML,"$1,025"
德昌藥局【Avene雅漾】舒護活泉水 300ml,$640
德昌藥局【施巴】護色亮采洗髮乳400ML,$399
德昌藥局【施巴】潔膚露 200ml /罐,$219
德昌藥局【pH5.5 配方】施巴成人防曬乳液SPF50 50ML,$259
德昌藥局【撫平及淡化細紋，預防肌膚細紋產生】施巴彈力除紋妊娠霜~2...,$990
德昌藥局【施巴】潔膚露1000ML,$750
德昌藥局-施巴5.5 抗乾敏滋潤浴露 ★~1000ML,$799
德昌藥局【Sebamed】施巴潤澤護唇膏SPF30 一條,$149
德昌藥局【Sebamed】施巴5.5潤手 護手霜150ML,$399
德昌藥局【KLORANE】蔻蘿蘭防斷修護洗髮精400ML,$624
德昌藥局【KLORANE】蔻蘿蘭-三效養髮精華液100ML,"$1,280"
德昌藥局【KLORANE】蔻蘿蘭量感澎鬆潤髮露 150ML,$384
德昌藥局【KLORANE】蔻蘿蘭控油澎鬆乾洗髮噴霧150ML,$624
德昌藥局【KLORANE】蔻蘿蘭-蕁麻控油洗髮精(油性)200ML...,$430
德昌藥局【VICHY薇姿】源生白光潤精華30ml /瓶,"$1,185"
德昌藥局【VICHY薇姿】源生白光潤精華水100ml /瓶,$743
德昌藥局【VICHY薇姿】R激光賦活女神霜,"$1,700"
德昌藥局【NEO-TEC妮傲絲翠】杏仁酸柔煥膚美白面膜 (4片/盒),$607
德昌藥局★小資女首選【來自星星的你】~韓國最夯蝸牛保濕修護面膜(內...,"$3,900"
德昌藥局【韓流席捲來台】De rmal保濕亮采面膜-植物胎盤素 6入,$108
德昌藥局【韓流席捲來台】Dermal保濕亮采面膜-玻尿酸 6入,$108
德昌藥局【韓流席捲來台】Dermal保濕亮采面膜-小黃瓜 6入,$108
德昌藥局【韓流席捲來台】Dermal保濕亮采面膜-Q10,$108
德昌藥局【韓流席捲來台】Dermal保濕亮采面膜-潤白 6入,$108
德昌藥局【韓流席捲來台】De rmal保濕亮采面膜-珍珠 6入,$108
德昌藥局【澡享】沐浴乳(牡丹小蒼蘭)1000ml /瓶,$169
德昌藥局【Dove多芬】滋養沐浴乳200ML /罐,$39
德昌藥局【澡享】沐浴乳(玫瑰風信子)1000ml /瓶,$169
德昌藥局【沙威隆】抗菌溫和沐浴乳(玫瑰精油)1000ml /罐,$169
德昌藥局-綠的抗菌沐浴乳(洋甘菊精油)1000ML /罐,$149
德昌藥局-專櫃品牌【CLIVEN香草森林】粉紅軟化角質香水沐浴乳...,$230
德昌藥局【台塑】胺基酸丰潤肌沐浴精 800g/ 2瓶特惠組,$518
德昌藥局【台塑】冰川水清爽肌沐浴精 800g/ 2瓶特惠組,$518
德昌藥局【台塑】胺基酸清爽肌沐浴乳 800g/ 2瓶特惠組,$518
德昌藥局【KLORANE蔻蘿蘭】兒童香草蜂蜜泡泡浴500ML,$864
德昌藥局【Avene雅漾】無皂基潔膚皂 100G,$265
德昌藥局【Cetaphil 舒特膚...,$560
德昌藥局男士專用【妮維雅】男士全效潤膚霜75ml /瓶,$119
德昌藥局【知名部落客強力推薦】香草森林-活性全效(藍色)護手霜--...,$320
德昌藥局-日本YuskinA悠斯晶A乳霜 120G,$320
德昌藥局【專科】完美防晒水凝膠 80G /瓶,$323
德昌藥局【 Mustela 慕之恬廊】高效性兒童防曬乳 SPF50...,$396
德昌藥局【雪芙蘭】超水感高效防曬噴霧(防水型)SPF50+ 50g /瓶,$179
德昌藥局-3秒防曬不費力【廣源良】沁涼防曬噴霧SPF50 /罐,$289
德昌藥局-敏弱肌膚適用【Cetaphil 舒特膚】舒特膚...,$560
德昌藥局【pH5.5 配方】施巴成人防曬乳液SPF50 50ML,$259
德昌藥局【超水感。抗日曬】專科水感Q10保濕防曬乳50G,$279
德昌藥局-夏日熱銷排行NO.1【LOVE...,$799
德昌藥局【LOVE FACE愛戀顏】UV防曬乳SPF28 30ML /瓶,$980
德昌藥局-回購率NO.1 夏日必備【LOVE...,$799
德昌藥局-3秒防曬不費力【廣源良】美白防曬噴霧SPF50 /罐,$289
德昌藥局【理膚寶水】身體濕潤霜 400ML / 瓶,"$1,035"
德昌藥局【理膚寶水】全面修復霜B5 100ML /條,$765
德昌藥局【Cetaphil 舒特膚】 ERC5強護保濕精華乳85g...,$560
德昌藥局【Cetaphil 舒特膚...,$560
德昌藥局男士專用【妮維雅】男士全效潤膚霜75ml /瓶,$119
德昌藥局【專科】完美透白乳液150ml,$375
德昌藥局-舒緩肌膚【理膚寶水】B5全面修復霜40ml,$405
德昌藥局【限時特惠】舒異敏+24H 燕麥精華乳液 200ML/瓶...,$680
德昌藥局-日本艾迪美乳霜(罐裝) 120G,$359
德昌藥局-【LOVE...,"$1,490"
德昌藥局【Avene雅漾】舒緩乾癢霜 200ML,"$1,065"
德昌藥局【理膚寶水】滋養藥皂 150g /個,$315
德昌藥局【蜜妮Biore】深層卸妝乳180ml /瓶,$169
德昌藥局【可伶可俐】深層毛孔潔淨洗面乳100G,$99
德昌藥局【肌研】極潤健康深層清潔調理洗面乳 100ML,$236
德昌藥局【曼秀雷敦 】藥用抗痘柔珠洗面乳,$119
德昌藥局【妮維雅】美白洗顏泥100G /支,$79
德昌藥局-資生堂【UNO】新炭洗顏130g / 條,$149
德昌藥局【妮維雅】深層卸妝乳200ml,$199
德昌藥局-新品上市【Avene雅漾】控油清爽卸妝液400ml,$995
德昌藥局-資生堂【UNO】新潤洗顏130g / 條,$149
德昌藥局【曼秀雷敦 】Acnes藥用抗痘洗面乳100g,$109
德昌藥局【肌研】白潤高效集中淡斑化粧水-清爽型 170ML,$436
德昌藥局【Cetaphil 舒特膚】 ERC5強護保濕精華乳85g...,$560
德昌藥局【VICHY薇姿】源生白光潤精華30ml /瓶,"$1,185"
德昌藥局【Cetaphil 舒特膚...,$560
德昌藥局【專科】完美多效晚安水凝霜100g,$490
德昌藥局【NEO-TEC妮傲絲翠】杏仁酸微煥膚美白菁萃35gm,"$1,021"
德昌藥局-舒緩肌膚【理膚寶水】B5全面修復霜40ml,$405
德昌藥局-網路熱賣商品【露得清】水活保濕凝露50G,$339
德昌藥局-新品上市【Avene雅漾】逆齡緊緻精華乳(日間)...,"$1,504"
德昌藥局【專科】完美多效早安水凝霜90g,$499
德昌藥局【LOVE FACE愛戀顏】薏苡芢嫩白精純露 120ML,"$1,490"
德昌藥局-LOVE FACE愛戀顏10杯水玻尿酸原液 120ml,"$5,960"
德昌藥局-花王洗髮精(清新柔涼型-綠)750ML/罐,$99
德昌藥局-海倫仙度絲(薄荷)去屑洗髮乳750ML /罐,$239
德昌藥局【施巴】護色亮采洗髮乳400ML,$399
德昌藥局【落建】頭皮洗髮乳(保濕豐量) 400ML /瓶,$339
德昌藥局【落建】頭皮洗髮露(潔淨健髮)200ml / 瓶,$179
德昌藥局【海倫仙度絲】絲滑去屑洗髮乳750ML,$259
德昌藥局-弱敏頭皮肌膚適用【自然匯InNature...,$480
德昌藥局【KLORANE】蔻蘿蘭防斷修護洗髮精400ML,$624
德昌藥局【KLORANE】蔻蘿蘭量感澎鬆潤髮露 150ML,$384
德昌藥局【舒妃】山茶花添加毛髮重建調理膠囊30T,$299
德昌藥局【海倫仙度絲】檸檬草去屑洗髮乳750ML,$259
德昌藥局【summer`s eve 舒摩兒】淨潤浴潔露237ML /瓶,$439
德昌藥局【舒摩兒】特護型舒粉198G,$330
德昌藥局【施巴】衛生護潔露 200ML /瓶,$299
德昌藥局【summer`s...,$315
德昌藥局【summer`s eve】舒摩兒-防護舒巾 36片 2入,$360
德昌藥局【durex】杜蕾斯保險套 超薄 12入 一盒,$199
德昌藥局【glove】極愛-超快感粉嫩潤滑液 100ML 一盒,$199
德昌藥局【durex】杜蕾斯保險套 激情型 12入 一盒,$229
德昌藥局【durex】杜蕾斯保險套 螺紋裝(綠色)12入 一盒,$239
德昌藥局【durex】杜蕾斯保險套 綜合裝 12入 一盒,$289
德昌藥局【durex】杜蕾斯保險套 凸點裝 12入 一盒,$249
德昌藥局【durex】杜蕾斯-金超薄保險套12入 一盒,$279
德昌藥局【durex】杜蕾斯衛生套 超潤滑 12入 一盒,$269
德昌藥局【日本原裝進口】指險套超薄 24入 1盒,$269
德昌藥局【OKAMOTO】岡本003蘆薈極薄衛生套10片 1盒,$339
德昌藥局【durex】杜蕾斯保險套 超薄 12入 一盒,$199
德昌藥局【glove】極愛-超快感粉嫩潤滑液 100ML 一盒,$199
德昌藥局【durex】杜蕾斯保險套 激情型 12入 一盒,$229
德昌藥局【durex】杜蕾斯保險套 螺紋裝(綠色)12入 一盒,$239
德昌藥局【durex】杜蕾斯保險套 綜合裝 12入 一盒,$289
德昌藥局【durex】杜蕾斯保險套 凸點裝 12入 一盒,$249
德昌藥局【durex】杜蕾斯-金超薄保險套12入 一盒,$279
德昌藥局【durex】杜蕾斯衛生套 超潤滑 12入 一盒,$269
德昌藥局【日本原裝進口】指險套超薄 24入 1盒,$269
德昌藥局【OKAMOTO】岡本003蘆薈極薄衛生套10片 1盒,$339
德昌藥局【官網獨家限量買1送1】蘇菲超熟睡極緻柔貼34CM 12P,$89
德昌藥局【蘇菲】超熟睡極緻柔貼34CM 12P/包,$89
德昌藥局-黑人全亮白極緻沁涼薄荷牙膏120G / 條,$99
德昌藥局【白樂汀】含氟牙膏/清新薄荷(藍 ) 121ML /支,$280
德昌藥局【包大人】加厚濕紙巾 80抽x24包/箱,"$1,250"
德昌藥局【Superclean舒克清】環境滅菌液...,$219
德昌藥局【芙玉寶】抗菌透明平安皂(艾草)150g /個,$29
德昌藥局【熊寶貝】衣物清新噴霧(芬芳粉 )100ML,$65
德昌藥局【熊寶貝】衣物清新噴霧(森林藍)100ML /瓶,$65
德昌藥局【桂格】活靈芝6入 /盒,$339
德昌藥局【維他露御茶園】每朝健康綠茶650ml×24(瓶)【箱】,$649
德昌藥局【維他露御茶園】每朝健康綠茶650ml×24(瓶)【箱】,$649
德昌藥局-小兒利撒爾 Q比軟糖(乳酸菌口味) /單包,$35
德昌藥局【悅氏】礦泉水 600ml (24瓶/箱),$216
德昌藥局【波爾】天然水600ML (24瓶/箱),$240
德昌藥局-比利時進口【維維樂】ACE(無糖)Q軟糖量販包240 G /包,$198
德昌藥局【幸福米寶】泡芙餅乾-原味20g /包,$89
德昌藥局【比菲多】益生菌軟糖-原味30G / 3包入,$75
德昌藥局-下殺88折!【豐富口感】桂格-寶寶肉鬆 200g /罐,$179
德昌藥局-限時箱購價【平衡體內酸鹼值，恢復體內酸鹼值最佳狀態】台鹽...,$400
德昌藥局-限時特惠【營養好吃的營養品】金牌森永-頂級綜合羊乳片12...,$150
德昌藥局【限時特惠買一送一】金牌森永維他命水果軟糖100g,$150
德昌藥局-小兒利撒爾 Q比軟糖(乳酸菌口味) /單包,$35
德昌藥局-比利時進口【維維樂】ACE(無糖)Q軟糖量販包240 G /包,$198
德昌藥局【限時特惠買一送一】金牌森永維他命水果軟糖100g,$150
德昌藥局【ACE】字母Q軟糖量販包 240G,$198
德昌藥局-下殺86折!【小兒零嘴、入口即化】三立-蔬菜乳兒米果...,$150
德昌藥局-下殺86折!【小兒零嘴、入口即化】三立-綜合水果蛋酥...,$147
德昌藥局-下殺86折!【小兒零嘴、入口即化】三立-布丁味蛋酥...,$147
德昌藥局【維他露御茶園】每朝健康綠茶650ml×24(瓶)【箱】,$649
德昌藥局【悅氏】礦泉水 600ml (24瓶/箱),$216
德昌藥局【波爾】天然水600ML (24瓶/箱),$240
德昌藥局【幸福米寶】泡芙餅乾-原味20g /包,$89
德昌藥局-下殺88折!【豐富口感】桂格-寶寶肉鬆 200g /罐,$179
德昌藥局【貝比瑪瑪】乳酸小饅頭120G /盒,$128
德昌藥局【幸福米寶】泡芙餅乾-椰香胡蘿蔔20g/包,$89
德昌藥局【幸福米寶】泡芙餅乾-甜薯20g/包,$89
德昌藥局【卡洛塔妮】原味營養乳片30T /包,$49
德昌藥局-限時特惠【超夯網購食品箱購價】稻鴨有機米餅原味10包/箱,$890
德昌藥局【入口即溶，小孩最愛】嘉寶星星餅(草莓蘋果)42G,$125
德昌藥局【入口即溶，小孩最愛】嘉寶星星餅(香蕉)42G,$125
德昌藥局-一次買3包，下殺9折!【日本原裝進口 】日本乳球蛋酥...,$195
德昌藥局-下殺84折!【香濃含鈣美味入口即化】日本小粒乳球蛋酥...,$195
德昌藥局【Superclean舒克清】環境滅菌液...,$219
德昌藥局【Superclean舒克清】肌膚防護液-隨身瓶(可攜瓶)...,$249
德昌藥局-綠色環保清潔【馬尚清】椰子油起泡劑1000ML,$129
德昌藥局【無毒清潔、居家抗菌】普力-600快速錠 10錠 一入...,$400
德昌藥局【台塑生醫 Dr’s Formula...,$99
德昌藥局【值得信賴的好品牌】南僑-水晶肥皂(200G*3入/組),$59
德昌藥局-馬尚清茶樹精油洗碗精1000cc,$99
德昌藥局【最佳好幫手】驅塵氏靜電除塵紙 25張/包 3入,$165
德昌藥局【過年大掃除，最佳好幫手】尚潔香氛環保清潔袋(大)3入/包...,$295
德昌藥局【最佳好幫手】驅塵氏抗菌濕拖巾 檸檬香味 12張/包 3入,$147
德昌藥局【最佳好幫手】驅塵氏抗菌濕拖巾 茶樹香味 12張/包 3入,$147
德昌藥局【桂格】活靈芝6入 /盒,$339
德昌藥局【台糖】蜆精6罐入/盒,$369
德昌藥局【禮盒裝】親家香檳茸鱸魚萃 10包入/盒,"$1,900"
德昌藥局【禮盒裝】親家萃滴雞精禮盒60mlx6入/盒,$890
德昌藥局【健康品牌No. 1】白蘭氏傳統雞精(70g*8入),$379
德昌藥局【送禮體面大方 ‧實用粉嫩彌月禮】--Hello...,$790
德昌藥局【白蘭氏】旭沛蜆精6罐入/盒,$339
德昌藥局【送禮送好禮】白蘭氏養蔘飲禮盒 8入/盒,$520
德昌藥局-【新品上市】好奇白金級新生賀禮尿布禮盒,$899
德昌藥局【滋補聖品】桂格-養氣人蔘禮盒 60ml (8入),$460
德昌藥局-【媽媽愛的化身，呵護寶寶，可信賴最佳夥伴】滿意寶寶瞬潔乾...,$850
德昌藥局-一匙靈抑菌洗衣粉(1.9kg/盒),$119
德昌藥局【好沖洗去油真潔淨 】橘子工坊 生態濃縮洗衣粉 1.6KG 1入,$269
德昌藥局【bab】培寶綠茶洗衣精促銷包(1罐+2包) 一組,$499
德昌藥局【天然植物抗菌配方，經SGS專業認證...,$338
德昌藥局【天然植物抗菌配方，經SGS專業認證...,$338
德昌藥局【輕鬆搞定頑垢，抵抗細菌威脅】一匙靈-柔膚EX超濃縮洗衣精...,$99
德昌藥局【輕鬆搞定頑垢，抵抗細菌威脅】一匙靈-柔膚EX超濃縮洗衣精...,$318
德昌藥局【台灣洗衣精的第一品牌】白鴿防螨洗衣精(補充包)綠...,$624
德昌藥局【官網獨家限量買1送1】蘇菲超熟睡極緻柔貼34CM 12P,$89
德昌藥局【蘇菲】超熟睡極緻柔貼34CM 12P/包,$89
德昌藥局【靠得住更懂女人心!】溫柔草本抑菌衛生棉(日用...,$260
德昌藥局【日本開發，獨特淡雅香氛因子】蘇菲-繽紛香氣(甜心玫瑰)護...,$320
德昌藥局【日本開發，獨特淡雅香氛因子】蘇菲-繽紛香氣(清爽花果)護...,$320
德昌藥局【日本開發，獨特淡雅香氛因子】蘇菲-繽紛香氣(淡雅香氛)護...,$320
德昌藥局【日本開發~天然柔織表層】蘇菲-超輕柔護墊/無香 40片 6入,$240
德昌藥局【日本開發~天然柔織表層】蘇菲-超輕柔護墊/花香 40片 6入,$240
德昌藥局【日本新開發[乾爽瞬淨層]】蘇菲-清爽淨肌量少基本17.5...,$330
德昌藥局【日本新開發[乾爽瞬淨層]】蘇菲-清爽淨肌夜用超薄潔翼28...,$420
德昌藥局【日本新開發[乾爽瞬淨層]】蘇菲-清爽淨肌日用超薄潔翼23...,$280
德昌藥局-黑人全亮白極緻沁涼薄荷牙膏120G / 條,$99
德昌藥局【白樂汀】含氟牙膏/清新薄荷(藍 ) 121ML /支,$280
德昌藥局【不易分叉與斷裂 】歐樂B牙線(微蠟*2入) /組,$99
德昌藥局【植物性漢方提煉】康齒速-潔白牙粉,$200
德昌藥局【有效殺菌 五分鐘快速清潔!】保麗淨-假牙黏著劑 60g,$260
德昌藥局【全美第一牙醫推薦口乾照護品牌】百樂潔-天然酵素漱口水...,$320
德昌藥局-專櫃品牌【CLIVEN香草森林...,$240
德昌藥局【有效減少細菌孳長】保麗淨-假牙清潔錠(局部式活動假牙專用...,$169
德昌藥局【天然漢方配方】齒可健保健牙粉(漢方) 50g,$200
德昌藥局【經過國內臺北醫學大學口腔研究院臨床證實】T.Ki...,$250
德昌藥局【清潔假牙第一推薦品牌】保麗淨-假牙黏著劑保護牙齦配方 70G,$309
德昌藥局【官網獨家限量買1送1】蘇菲超熟睡極緻柔貼34CM 12P,$89
德昌藥局【包大人】加厚濕紙巾 80抽x24包/箱,"$1,250"
德昌藥局【芙玉寶】抗菌透明平安皂(艾草)150g /個,$29
德昌藥局【熊寶貝】衣物清新噴霧(芬芳粉 )100ML,$65
德昌藥局【熊寶貝】衣物清新噴霧(森林藍)100ML /瓶,$65
德昌藥局【維他露御茶園】每朝健康綠茶650ml×24(瓶)【箱】,$649
德昌藥局【小不叮】小黑蚊驅蚊貼片12P(嬰幼用),$150
德昌藥局【培寶】超厚柔護手口臉用柔濕巾80抽(3包入/串)...,$895
德昌藥局-韓方密帖【悠安美】樹液養足貼-舒緩金盞花(單片入),$59
德昌藥局-呵護小公主【嬌生嬰兒】活力亮澤洗髮露 (摩洛哥堅果油)...,$169
德昌藥局【Probo博寶兒】護敏洗髮露-佩佩豬 500ML / 罐,$159
德昌藥局【金補體素】P80-100%乳清蛋白 500G /罐,$750
德昌藥局【亞培安素】香草清甜禮盒8罐裝 /盒,$495
德昌藥局【箱購免運】亞培葡勝納SR菁選-原味無糖 *30罐/箱,"$2,250"
德昌藥局-免運箱購價【亞培安素】原味菁選(不甜)237ML...,"$1,500"
德昌藥局-新品上市【包大人】防漏安心復健褲XL (12片x4包) /箱,"$1,350"
德昌藥局-新品上市【包大人】防漏安心復健褲M (16片x4包) /箱,"$1,350"
德昌藥局-新品上市【包大人】防漏安心復健褲L (14片x4包) /箱,"$1,350"
德昌藥局-亞培安素(香草清甜)250ML (24瓶/箱)X2箱,"$2,680"
德昌藥局-亞培葡勝納菁選禮盒8罐裝,$685
德昌藥局-亞培倍力素經典香草8入裝禮盒,"$1,500"
德昌藥局-亞培安素 沛力237ML 24罐/箱,"$1,560"
德昌藥局-新品上市【包大人】防漏安心復健褲XL (12片x4包) /箱,"$1,350"
德昌藥局-新品上市【包大人】防漏安心復健褲M (16片x4包) /箱,"$1,350"
德昌藥局-新品上市【包大人】防漏安心復健褲L (14片x4包) /箱,"$1,350"
德昌藥局-全新升級【來復易】來復易整夜一片就安心24P (6包/箱),$954
德昌藥局-【來復易】長時間舒適看護墊8P (12包/箱),"$1,320"
德昌藥局-包大人親膚經濟型M-L 16+2P /6包/箱,"$1,350"
德昌藥局-【添寧】貼心敢動褲M (10片) 4包/箱,$800
德昌藥局-【日本原裝進口，銷售第一】來復易輕薄XL活力褲7片...,$736
德昌藥局-【營養補充】亞培安素(原味/不甜)237MLX...,"$2,740"
德昌藥局【完全封閉式包覆鎖濕設計】安親乾爽抑菌看護墊XL...,"$1,068"
德昌藥局【有效抑制金黃色葡萄球菌達99.9%】安安淨爽型成褲M...,"$1,554"
德昌藥局【金補體素】P80-100%乳清蛋白 500G /罐,$750
德昌藥局【亞培安素】香草清甜禮盒8罐裝 /盒,$495
德昌藥局【箱購免運】亞培葡勝納SR菁選-原味無糖 *30罐/箱,"$2,250"
德昌藥局-免運箱購價【亞培安素】原味菁選(不甜)237ML...,"$1,500"
德昌藥局-亞培安素(香草清甜)250ML (24瓶/箱)X2箱,"$2,680"
德昌藥局-亞培葡勝納菁選禮盒8罐裝,$685
德昌藥局-亞培倍力素經典香草8入裝禮盒,"$1,500"
德昌藥局-亞培安素 沛力237ML 24罐/箱,"$1,560"
德昌藥局-亞培葡勝納SR奶粉850G /罐,$980
德昌藥局-倍速癌症專用配方_卡布奇諾200ml 24瓶 / 箱...,"$4,550"
德昌藥局-【新包裝】亞培倍力素經典香草奶水220MLx21罐/箱,"$3,780"
德昌藥局-網路熱賣商品【露得清】水活保濕凝露50G,$339
德昌藥局【限時特惠】舒異敏+24H 燕麥精華乳液 200ML/瓶...,$680
德昌藥局-日本艾迪美乳霜(罐裝) 120G,$359
德昌藥局-日本艾迪美護唇膏#乾裂 10G,$149
德昌藥局-【營養補充】亞培安素(原味/不甜)237MLX...,"$2,740"
德昌藥局【護德你】醫用成人口罩 6入*10包/盒,$250
德昌藥局-【LOVE...,"$1,490"
德昌藥局【年度銷售冠軍NO.1】馬尚豪元氣補帖10瓶X15ml...,$550
德昌藥局【回購率NO.1】馬尚豪元氣補帖10瓶X15ml...,"$27,500"
德昌藥局【施巴5.5】施巴嬰兒舒敏乳液200ML 一罐,$399
德昌藥局-馬尚豪納豆通之元60粒/盒 【特惠買二再送一】,"$1,800"
德昌藥局-網路熱賣商品【露得清】水活保濕凝露50G,$339
德昌藥局【限時特惠】舒異敏+24H 燕麥精華乳液 200ML/瓶...,$680
德昌藥局-日本艾迪美乳霜(罐裝) 120G,$359
德昌藥局-日本艾迪美護唇膏#乾裂 10G,$149
德昌藥局-【營養補充】亞培安素(原味/不甜)237MLX...,"$2,740"
德昌藥局【護德你】醫用成人口罩 6入*10包/盒,$250
德昌藥局-【LOVE...,"$1,490"
德昌藥局【年度銷售冠軍NO.1】馬尚豪元氣補帖10瓶X15ml...,$550
德昌藥局【回購率NO.1】馬尚豪元氣補帖10瓶X15ml...,"$27,500"
德昌藥局【施巴5.5】施巴嬰兒舒敏乳液200ML 一罐,$399
德昌藥局-馬尚豪納豆通之元60粒/盒 【特惠買二再送一】,"$1,800"
德昌藥局-【護德你】醫用成人/兒童口罩 (6入/包),$30
德昌藥局【船井】酸痛按摩機,"$3,880"
德昌藥局【護德你】醫用成人口罩 6入*10包/盒,$250
德昌藥局【極速精準測量】muva繽紛樂電子體重計 粉-5401 1入,$599
德昌藥局-【護德你】醫用成人/兒童口罩 (6入/包),$30
德昌藥局【船井】酸痛按摩機,"$3,880"
德昌藥局【護德你】醫用成人口罩 6入*10包/盒,$250
德昌藥局【極速精準測量】muva繽紛樂電子體重計 粉-5401 1入,$599
德昌藥局【維持關膝良好的關鍵鏈】~馬尚豪-康博士膜衣錠#大/300...,"$3,000"
德昌藥局【維持關膝良好的關鍵鏈】~馬尚豪-康博士膜衣錠#小/90錠...,"$1,000"
德昌藥局【 Love Child 加拿大寶貝泥...,$118
德昌藥局【 Love Child 加拿大寶貝泥...,$118
德昌藥局【 Love Child 加拿大寶貝泥...,$118
德昌藥局【 Love Child 加拿大寶貝泥...,$118
德昌藥局【 Love Child 加拿大寶貝泥...,$118
德昌藥局【 Love Child 加拿大寶貝泥...,$118
德昌藥局-人氣商品-LOVE FACE...,"$6,600"
德昌藥局【官網獨家限量買1送1】蘇菲超熟睡極緻柔貼34CM 12P,$89
德昌藥局【理膚寶水】身體濕潤霜 400ML / 瓶,"$1,035"
德昌藥局【外出媽咪必備】六甲村-10055寬口拋棄式奶瓶五入組,$119
德昌藥局【外出媽咪必備】六甲村-10056拋棄式奶瓶專用配件組,$79
德昌藥局【外出媽咪必備】舒適牌~兩用兒童乘車輔助帶(顏色隨機),$470
德昌藥局【西瓜哥哥限定組合】T-Spray...,$269
德昌藥局【西瓜哥哥限定組合】T-Spray...,$269
德昌藥局【西瓜哥哥限定組合】T-Spray...,$269
德昌藥局【 Love Child 加拿大寶貝泥...,$118
德昌藥局【限量搶購】可愛KT化妝刷7件裝鐵盒套組,$120
德昌藥局【彌月送禮首選】幫寶適一級幫禮盒(S*2+M*1),"$1,239"
德昌藥局【新品上市】滿意寶寶極緻呵護M 62P *4包/箱,"$2,080"
德昌藥局【理膚寶水】滋養修護潤唇膏 4.7ML /條,$315
德昌藥局-人氣商品-LOVE FACE...,"$6,600"
德昌藥局【官網獨家限量買1送1】蘇菲超熟睡極緻柔貼34CM 12P,$89
德昌藥局-呵護小公主【嬌生嬰兒】活力亮澤洗髮露 (摩洛哥堅果油)...,$169
德昌藥局【Probo博寶兒】護敏洗髮露-佩佩豬 500ML / 罐,$159
德昌藥局【沛力明升級版】馬尚豪-沛力明晶鑽60T/罐 (買4再送3),"$1,800"
德昌藥局【馬尚豪】草本蜂膠口含錠 20T /盒,$120
德昌藥局-馬尚豪_魚油+深海鮫魚肝油軟膠囊 90T /瓶...,"$1,500"
德昌藥局-馬尚豪E敏素60T (需冷藏) /盒,"$2,000"
德昌藥局【護德你】防護液100ML / 瓶,$199
德昌藥局【藥師熊】蘋果牛奶嬰兒潤膚乳液 395ML /2瓶,$198
德昌藥局【藥師熊】蘋果牛奶嬰兒洗髮沐浴露 395ML /2瓶,$198
德昌藥局【維持關膝良好的關鍵鏈】~馬尚豪-康博士膜衣錠#小/90錠...,"$1,000"
德昌藥局-人氣商品-LOVE FACE...,"$6,600"
德昌藥局【新品上市】滿意寶寶極緻呵護L 52P *4包/箱,"$2,080"
德昌藥局【新品上市】滿意寶寶極緻呵護S 60P*4包/箱,"$1,620"
德昌藥局【新品上市】滿意寶寶極緻呵護M 62P *4包/箱,"$2,080"
德昌藥局【新包裝】滿意寶寶M瞬潔乾爽 62片*4包/箱,"$1,650"
德昌藥局【新包裝】滿意寶寶L瞬潔乾爽52片 *4包/箱,"$1,650"
德昌藥局【新包裝】滿意寶寶XL瞬潔乾爽44片 *4包/箱,"$1,650"
德昌藥局【亞培安素】香草清甜禮盒8罐裝 /盒,$495
德昌藥局【箱購免運】亞培葡勝納SR菁選-原味無糖 *30罐/箱,"$2,250"
德昌藥局-免運箱購價【亞培安素】原味菁選(不甜)237ML...,"$1,500"
德昌藥局【外出媽咪必備】六甲村-10055寬口拋棄式奶瓶五入組,$119
德昌藥局【維持關膝良好的關鍵鏈】~馬尚豪-康博士膜衣錠#大/300...,"$3,000"
德昌藥局【維持關膝良好的關鍵鏈】~馬尚豪-康博士膜衣錠#小/90錠...,"$1,000"
德昌藥局-亞培小安素強護奶粉 1600G/罐,"$1,239"
德昌藥局-馬尚豪-一日鈣 30T/瓶 (買兩瓶再送一瓶),$500
德昌藥局【關節保養】關力素全素MK-7型乳油木果50T /罐,"$1,500"
德昌藥局【孕哺兒 小兒系列】小維他營養嚼錠150粒 / 罐,$499
德昌藥局-新品上市【孕哺兒】媽媽葉酸口嚼錠60粒 /罐,$499
德昌藥局-金克寧銀養奶粉#雙效配方1.5KG /罐,$760
德昌藥局【桂格】活靈芝6入 /盒,$339
德昌藥局【台糖】蜆精6罐入/盒,$369
德昌藥局【彌月送禮首選】幫寶適一級幫禮盒(S*2+M*1),"$1,239"
德昌藥局【亞培安素】香草清甜禮盒8罐裝 /盒,$495
德昌藥局【台糖】蜆精6罐入/盒,$369
德昌藥局【禮盒裝】親家萃滴雞精禮盒60mlx6入/盒,$890
德昌藥局【貝恩】嬰兒歡心禮盒4件組,$589
德昌藥局【健康品牌No. 1】白蘭氏傳統雞精(70g*8入),$379
德昌藥局【送禮體面大方 ‧實用粉嫩彌月禮】--Hello...,$790
德昌藥局-馬尚豪金有機活力養生素(加強版)_900G/罐...,$850
德昌藥局-馬尚豪-美力股葡萄糖胺液 加強版 750ML...,"$1,500"
德昌藥局【年度銷售冠軍NO.1】馬尚豪元氣補帖10瓶X15ml...,$550
德昌藥局【白蘭氏】旭沛蜆精6罐入/盒,$339
德昌藥局【專科】完美防晒水凝膠 80G /瓶,$323
德昌藥局【叮寧】寶貝有機(慕斯)精油小黑蚊防蚊液50g /罐,$279
德昌藥局【 Mustela 慕之恬廊】高效性兒童防曬乳 SPF50...,$396
德昌藥局【HELLO KITTY 】凱蒂貓造型防蚊貼片12+6P /盒,$89
德昌藥局【香蕉船】兒童系列防曬乳液SPF50 90ml /罐,$299
德昌藥局【小不叮】驅蚊滾珠乳100ML升級版(全家用) / 瓶,$330
德昌藥局【叮寧】寶貝有機精油小黑蚊防蚊液80g /罐,$289
德昌藥局【小不叮】驅蚊噴霧120ML升級版(嬰幼用),$320
德昌藥局【小不叮】小黑蚊驅蚊貼片12P(嬰幼用),$150
德昌藥局【雪芙蘭】超水感高效防曬噴霧(防水型)SPF50+ 50g /瓶,$179
德昌藥局-3秒防曬不費力【廣源良】沁涼防曬噴霧SPF50 /罐,$289
德昌藥局【維持關膝良好的關鍵鏈】~馬尚豪-康博士膜衣錠#小/90錠...,"$1,000"
德昌藥局-藻寡醣褐抑定粉劑 250包入/盒,"$30,000"
德昌藥局-銀寶善存 50+女性綜合維他命120T,$899
德昌藥局-馬尚豪金有機活力養生素(加強版)_900G/罐...,$850
德昌藥局-馬尚豪-美力股葡萄糖胺液 加強版 750ML...,"$1,500"
德昌藥局-馬尚豪-維他命B-50膠囊 100T/瓶 (買二瓶再送一瓶),"$1,200"
德昌藥局【年度銷售冠軍NO.1】馬尚豪元氣補帖10瓶X15ml...,$550
德昌藥局-馬尚豪-德仙寶膠囊 30T /瓶【特惠下單二瓶再送一瓶】,"$1,000"
德昌藥局-官網限定【健步如飛組】美力股葡萄糖胺液_加強版(750m...,"$3,000"
德昌藥局-馬尚豪 珊鈣好120T/盒 (買二盒再送一盒),"$1,500"
銀寶善存 50+男性綜合維他命120T,$899
德昌藥局【自然補劑】勤寮素左旋麩醯胺酸複方粉300g 一罐,"$1,500"
德昌藥局-【濡洱沐康】全方位胺基酸 600G-杏仁口味/罐...,"$1,200"
德昌藥局-藻寡醣-加強配方60T,"$3,000"
德昌藥局【沛力明升級版】馬尚豪-沛力明晶鑽60T/罐 (買4再送3),"$1,800"
德昌藥局-菁采葉黃素複方軟膠囊60粒(全素),$900
德昌藥局-馬尚豪納豆通之元60粒/盒 【特惠買二再送一】,"$1,800"
德昌藥局【靠得住】柔綿超薄產褥墊35cm 20片/包,$69
德昌藥局-新品上市【孕哺兒】媽媽葉酸口嚼錠60粒 /罐,$499
德昌藥局-日本OSAKI Monari清淨棉40入/盒,$164
德昌藥局-韓國 【BABYJOY...,$189
德昌藥局-新品上市【美強生】優生媽媽A+奶粉 900G /罐,$669
德昌藥局-日本《Pigeon 貝親》防溢乳墊126P/包,$359
德昌藥局【德國品牌】貝恩美體撫紋霜200ML 一罐,$899
德昌藥局【撫平及淡化細紋，預防肌膚細紋產生】施巴彈力除紋妊娠霜~2...,$990
德昌藥局【Mustela慕之恬廊】慕之孕孕膚霜 150ml / 瓶,"$1,145"
德昌藥局【德國sanosan珊諾】天然海洋香洗髮沐浴露250ml,$159
德昌藥局【貝親】乳頭清淨棉,$199
德昌藥局【外出媽咪必備】六甲村-10055寬口拋棄式奶瓶五入組,$119
德昌藥局【外出媽咪必備】六甲村-10056拋棄式奶瓶專用配件組,$79
德昌藥局【外出媽咪必備】舒適牌~兩用兒童乘車輔助帶(顏色隨機),$470
德昌藥局【西瓜哥哥限定組合】T-Spray...,$269
德昌藥局【西瓜哥哥限定組合】T-Spray...,$269
德昌藥局【西瓜哥哥限定組合】T-Spray...,$269
德昌藥局【 Love Child 加拿大寶貝泥...,$118
德昌藥局【 Love Child 加拿大寶貝泥...,$118
德昌藥局【 Love Child 加拿大寶貝泥...,$118
德昌藥局【 Love Child 加拿大寶貝泥...,$118
德昌藥局【 Love Child 加拿大寶貝泥...,$118
德昌藥局【限量搶購】可愛KT化妝刷7件裝鐵盒套組,$120
德昌藥局【理膚寶水】身體濕潤霜 400ML / 瓶,"$1,035"
德昌藥局【理膚寶水】滋養修護潤唇膏 4.7ML /條,$315
德昌藥局【理膚寶水】滋養藥皂 150g /個,$315
德昌藥局-花王洗髮精(清新柔涼型-綠)750ML/罐,$99
德昌藥局-海倫仙度絲(薄荷)去屑洗髮乳750ML /罐,$239
德昌藥局【澡享】沐浴乳(牡丹小蒼蘭)1000ml /瓶,$169
德昌藥局【蜜妮Biore】深層卸妝乳180ml /瓶,$169
德昌藥局【可伶可俐】深層毛孔潔淨洗面乳100G,$99
德昌藥局【肌研】極潤健康深層清潔調理洗面乳 100ML,$236
德昌藥局【水平衡】元素碳男性沐浴乳(麝香)800G,$149
德昌藥局-人氣商品-LOVE FACE...,"$6,600"
德昌藥局【理膚寶水】身體濕潤霜 400ML / 瓶,"$1,035"
德昌藥局【理膚寶水】滋養藥皂 150g /個,$315
德昌藥局【理膚寶水】全面修復霜B5 100ML /條,$765
德昌藥局-花王洗髮精(清新柔涼型-綠)750ML/罐,$99
德昌藥局-海倫仙度絲(薄荷)去屑洗髮乳750ML /罐,$239
德昌藥局【Avene雅漾】安敏保濕水凝乳50ml /瓶,"$1,024"
德昌藥局【澡享】沐浴乳(牡丹小蒼蘭)1000ml /瓶,$169
德昌藥局【專科】完美防晒水凝膠 80G /瓶,$323
德昌藥局【Dove多芬】滋養沐浴乳200ML /罐,$39
德昌藥局【summer`s eve 舒摩兒】淨潤浴潔露237ML /瓶,$439
德昌藥局【官網獨家限量買1送1】蘇菲超熟睡極緻柔貼34CM 12P,$89
德昌藥局【蘇菲】超熟睡極緻柔貼34CM 12P/包,$89
德昌藥局-黑人全亮白極緻沁涼薄荷牙膏120G / 條,$99
德昌藥局【白樂汀】含氟牙膏/清新薄荷(藍 ) 121ML /支,$280
德昌藥局【包大人】加厚濕紙巾 80抽x24包/箱,"$1,250"
德昌藥局【Superclean舒克清】環境滅菌液...,$219
德昌藥局【芙玉寶】抗菌透明平安皂(艾草)150g /個,$29
德昌藥局【熊寶貝】衣物清新噴霧(芬芳粉 )100ML,$65
德昌藥局【熊寶貝】衣物清新噴霧(森林藍)100ML /瓶,$65
德昌藥局【桂格】活靈芝6入 /盒,$339
德昌藥局【維他露御茶園】每朝健康綠茶650ml×24(瓶)【箱】,$649
德昌藥局【金補體素】P80-100%乳清蛋白 500G /罐,$750
德昌藥局【亞培安素】香草清甜禮盒8罐裝 /盒,$495
德昌藥局【箱購免運】亞培葡勝納SR菁選-原味無糖 *30罐/箱,"$2,250"
德昌藥局-免運箱購價【亞培安素】原味菁選(不甜)237ML...,"$1,500"
德昌藥局-新品上市【包大人】防漏安心復健褲XL (12片x4包) /箱,"$1,350"
德昌藥局-新品上市【包大人】防漏安心復健褲M (16片x4包) /箱,"$1,350"
德昌藥局-新品上市【包大人】防漏安心復健褲L (14片x4包) /箱,"$1,350"
德昌藥局-亞培安素(香草清甜)250ML (24瓶/箱)X2箱,"$2,680"
德昌藥局-亞培葡勝納菁選禮盒8罐裝,$685
德昌藥局-亞培倍力素經典香草8入裝禮盒,"$1,500"
德昌藥局-亞培安素 沛力237ML 24罐/箱,"$1,560"
德昌藥局-網路熱賣商品【露得清】水活保濕凝露50G,$339
德昌藥局【限時特惠】舒異敏+24H 燕麥精華乳液 200ML/瓶...,$680
德昌藥局-日本艾迪美乳霜(罐裝) 120G,$359
德昌藥局-日本艾迪美護唇膏#乾裂 10G,$149
德昌藥局-【營養補充】亞培安素(原味/不甜)237MLX...,"$2,740"
德昌藥局【護德你】醫用成人口罩 6入*10包/盒,$250
德昌藥局-【LOVE...,"$1,490"
德昌藥局【年度銷售冠軍NO.1】馬尚豪元氣補帖10瓶X15ml...,$550
德昌藥局【回購率NO.1】馬尚豪元氣補帖10瓶X15ml...,"$27,500"
德昌藥局【施巴5.5】施巴嬰兒舒敏乳液200ML 一罐,$399
德昌藥局-馬尚豪納豆通之元60粒/盒 【特惠買二再送一】,"$1,800"
德昌藥局-【護德你】醫用成人/兒童口罩 (6入/包),$30
德昌藥局【船井】酸痛按摩機,"$3,880"
德昌藥局【護德你】醫用成人口罩 6入*10包/盒,$250
德昌藥局【極速精準測量】muva繽紛樂電子體重計 粉-5401 1入,$599
德昌藥局【維持關膝良好的關鍵鏈】~馬尚豪-康博士膜衣錠#大/300...,"$3,000"
德昌藥局【維持關膝良好的關鍵鏈】~馬尚豪-康博士膜衣錠#小/90錠...,"$1,000"
德昌藥局【 Love Child 加拿大寶貝泥...,$118
德昌藥局【 Love Child 加拿大寶貝泥...,$118
德昌藥局【 Love Child 加拿大寶貝泥...,$118
德昌藥局【 Love Child 加拿大寶貝泥...,$118
德昌藥局【 Love Child 加拿大寶貝泥...,$118
德昌藥局【 Love Child 加拿大寶貝泥...,$118
德昌藥局-人氣商品-LOVE FACE...,"$6,600"
德昌藥局【官網獨家限量買1送1】蘇菲超熟睡極緻柔貼34CM 12P,$89
德昌藥局【理膚寶水】身體濕潤霜 400ML / 瓶,"$1,035"
德昌藥局【外出媽咪必備】六甲村-10055寬口拋棄式奶瓶五入組,$119
德昌藥局【外出媽咪必備】六甲村-10056拋棄式奶瓶專用配件組,$79
德昌藥局【外出媽咪必備】舒適牌~兩用兒童乘車輔助帶(顏色隨機),$470
德昌藥局【西瓜哥哥限定組合】T-Spray...,$269
德昌藥局【西瓜哥哥限定組合】T-Spray...,$269
德昌藥局【西瓜哥哥限定組合】T-Spray...,$269
德昌藥局【 Love Child 加拿大寶貝泥...,$118
德昌藥局【限量搶購】可愛KT化妝刷7件裝鐵盒套組,$120
德昌藥局【彌月送禮首選】幫寶適一級幫禮盒(S*2+M*1),"$1,239"
德昌藥局【新品上市】滿意寶寶極緻呵護M 62P *4包/箱,"$2,080"
德昌藥局【理膚寶水】滋養修護潤唇膏 4.7ML /條,$315
