品名 ,價格
【維持關膝良好的關鍵鏈】~馬尚豪-康博士膜衣錠#小/90錠~【買2送1】_全館商品 ,"$1,000"
-人氣商品-LOVE FACE 山芙蓉神奇草本修護凝膠~6/30前買12送12只要$6600_全館商品 ,"$6,600"
【新品上市】滿意寶寶極緻呵護L 52P *4包/箱_全館商品 ,"$2,080"
【新品上市】滿意寶寶極緻呵護S 60P*4包/箱_全館商品 ,"$1,620"
【新品上市】滿意寶寶極緻呵護M 62P *4包/箱_全館商品 ,"$2,080"
【新包裝】滿意寶寶M瞬潔乾爽 62片*4包/箱_全館商品 ,"$1,650"
【新包裝】滿意寶寶L瞬潔乾爽52片 *4包/箱_全館商品 ,"$1,650"
【新包裝】滿意寶寶XL瞬潔乾爽44片 *4包/箱_全館商品 ,"$1,650"
【亞培安素】香草清甜禮盒8罐裝 /盒_全館商品 ,$495
【箱購免運】亞培葡勝納SR菁選-原味無糖 *30罐/箱_全館商品 ,"$2,250"
-免運箱購價【亞培安素】原味菁選(不甜)237ML (24瓶/箱)_全館商品 ,"$1,500"
【維持關膝良好的關鍵鏈】~馬尚豪-康博士膜衣錠#小/90錠~【買2送1】_全館商品 ,"$1,000"
-人氣商品-LOVE FACE 山芙蓉神奇草本修護凝膠~6/30前買12送12只要$6600_全館商品 ,"$6,600"
【新品上市】滿意寶寶極緻呵護L 52P *4包/箱_全館商品 ,"$2,080"
【新品上市】滿意寶寶極緻呵護S 60P*4包/箱_全館商品 ,"$1,620"
【新品上市】滿意寶寶極緻呵護M 62P *4包/箱_全館商品 ,"$2,080"
【新包裝】滿意寶寶M瞬潔乾爽 62片*4包/箱_全館商品 ,"$1,650"
【新包裝】滿意寶寶L瞬潔乾爽52片 *4包/箱_全館商品 ,"$1,650"
【新包裝】滿意寶寶XL瞬潔乾爽44片 *4包/箱_全館商品 ,"$1,650"
【亞培安素】香草清甜禮盒8罐裝 /盒_全館商品 ,$495
【箱購免運】亞培葡勝納SR菁選-原味無糖 *30罐/箱_全館商品 ,"$2,250"
-免運箱購價【亞培安素】原味菁選(不甜)237ML (24瓶/箱)_全館商品 ,"$1,500"
-人氣商品-LOVE FACE 山芙蓉神奇草本修護凝膠~6/30前買12送12只要$6600_全館商品 ,"$6,600"
【官網獨家限量買1送1】蘇菲超熟睡極緻柔貼34CM 12P_全館商品 ,$89
-呵護小公主【嬌生嬰兒】活力亮澤洗髮露 (摩洛哥堅果油) 500ml / 罐_全館商品 ,$169
【Probo博寶兒】護敏洗髮露-佩佩豬 500ML / 罐_全館商品 ,$159
【沛力明升級版】馬尚豪-沛力明晶鑽60T/罐 (買4再送3)_全館商品 ,"$1,800"
【馬尚豪】草本蜂膠口含錠 20T /盒_全館商品 ,$120
-馬尚豪_魚油+深海鮫魚肝油軟膠囊 90T  /瓶 (買二瓶再送一瓶)_全館商品 ,"$1,500"
-馬尚豪E敏素60T (需冷藏) /盒_全館商品 ,"$2,000"
【護德你】防護液100ML  / 瓶_全館商品 ,$199
【藥師熊】蘋果牛奶嬰兒潤膚乳液 395ML /2瓶_全館商品 ,$198
【藥師熊】蘋果牛奶嬰兒洗髮沐浴露 395ML /2瓶_全館商品 ,$198
【官網獨家限量買1送1】蘇菲超熟睡極緻柔貼34CM 12P_全館商品 ,$89
-人氣商品-LOVE FACE 山芙蓉神奇草本修護凝膠~6/30前買12送12只要$6600_全館商品 ,"$6,600"
-呵護小公主【嬌生嬰兒】活力亮澤洗髮露 (摩洛哥堅果油) 500ml / 罐_全館商品 ,$169
【Probo博寶兒】護敏洗髮露-佩佩豬 500ML / 罐_全館商品 ,$159
【沛力明升級版】馬尚豪-沛力明晶鑽60T/罐 (買4再送3)_全館商品 ,"$1,800"
【馬尚豪】草本蜂膠口含錠 20T /盒_全館商品 ,$120
-馬尚豪_魚油+深海鮫魚肝油軟膠囊 90T  /瓶 (買二瓶再送一瓶)_全館商品 ,"$1,500"
-馬尚豪E敏素60T (需冷藏) /盒_全館商品 ,"$2,000"
【護德你】防護液100ML  / 瓶_全館商品 ,$199
【藥師熊】蘋果牛奶嬰兒潤膚乳液 395ML /2瓶_全館商品 ,$198
【藥師熊】蘋果牛奶嬰兒洗髮沐浴露 395ML /2瓶_全館商品 ,$198
【藥師熊】蘋果牛奶嬰兒泡泡沐浴慕斯 395ML /2瓶_全館商品 ,$189
【外出媽咪必備】六甲村-10055寬口拋棄式奶瓶五入組_全館商品 ,$119
【維持關膝良好的關鍵鏈】~馬尚豪-康博士膜衣錠#大/300錠~【買2送1】_全館商品 ,"$3,000"
【維持關膝良好的關鍵鏈】~馬尚豪-康博士膜衣錠#小/90錠~【買2送1】_全館商品 ,"$1,000"
-亞培小安素強護奶粉 1600G/罐_全館商品 ,"$1,239"
-馬尚豪-一日鈣 30T/瓶 (買兩瓶再送一瓶)_全館商品 ,$500
【關節保養】關力素全素MK-7型乳油木果50T  /罐_全館商品 ,"$1,500"
【孕哺兒 小兒系列】小維他營養嚼錠150粒 / 罐_全館商品 ,$499
-新品上市【孕哺兒】媽媽葉酸口嚼錠60粒 /罐_全館商品 ,$499
-金克寧銀養奶粉#雙效配方1.5KG /罐_全館商品 ,$760
【桂格】活靈芝6入 /盒_全館商品 ,$339
【台糖】蜆精6罐入/盒_全館商品 ,$369
【維持關膝良好的關鍵鏈】~馬尚豪-康博士膜衣錠#大/300錠~【買2送1】_全館商品 ,"$3,000"
【維持關膝良好的關鍵鏈】~馬尚豪-康博士膜衣錠#小/90錠~【買2送1】_全館商品 ,"$1,000"
-馬尚豪-一日鈣 30T/瓶 (買兩瓶再送一瓶)_全館商品 ,$500
【關節保養】關力素全素MK-7型乳油木果50T  /罐_全館商品 ,"$1,500"
【桂格】活靈芝6入 /盒_全館商品 ,$339
【台糖】蜆精6罐入/盒_全館商品 ,$369
【專利配方】生達-蔓越莓益生菌健康粉2G*30包入 /盒_全館商品 ,$460
【三多】高纖乳酸菌PP(2G*20包/盒)_全館商品 ,$499
【三多】木寡糖Plus粉末食品30包入/盒_全館商品 ,$399
【小兒利撒爾】活菌12_ 60包入/盒_全館商品 ,"$1,200"
-隨身包 好攜帶【H.City】好菌多乳酸菌14包入 / 盒_全館商品 ,$200
【維持關膝良好的關鍵鏈】~馬尚豪-康博士膜衣錠#大/300錠~【買2送1】_全館商品 ,"$3,000"
【維持關膝良好的關鍵鏈】~馬尚豪-康博士膜衣錠#小/90錠~【買2送1】_全館商品 ,"$1,000"
-馬尚豪-一日鈣 30T/瓶 (買兩瓶再送一瓶)_全館商品 ,$500
【沛力明升級版】馬尚豪-沛力明晶鑽60T/罐 (買4再送3)_全館商品 ,"$1,800"
-馬尚豪_魚油+深海鮫魚肝油軟膠囊 90T  /瓶 (買二瓶再送一瓶)_全館商品 ,"$1,500"
-馬尚豪E敏素60T (需冷藏) /盒_全館商品 ,"$2,000"
【健康補給站 】益加喜活性高單位維他命C口含錠 (70T) /盒 (特惠買二送一)_全館商品 ,$300
-限時特惠【體內環保 口嚼錠 好益菌】馬尚豪-乳酸菌+木寡糖 300粒 /瓶_全館商品 ,$950
-馬尚豪-美力股葡萄糖胺液 加強版 750ML /罐【買二罐再送一罐】_全館商品 ,"$1,500"
-馬尚豪-維他命B-50膠囊 100T/瓶 (買二瓶再送一瓶)_全館商品 ,"$1,200"
-馬尚豪韻之補(45T*2入) /盒 ~買二盒再送一盒_全館商品 ,"$1,000"
【專利配方】生達-蔓越莓益生菌健康粉2G*30包入 /盒_全館商品 ,$460
【三多】高纖乳酸菌PP(2G*20包/盒)_全館商品 ,$499
【三多】木寡糖Plus粉末食品30包入/盒_全館商品 ,$399
【小兒利撒爾】活菌12_ 60包入/盒_全館商品 ,"$1,200"
-隨身包 好攜帶【H.City】好菌多乳酸菌14包入 / 盒_全館商品 ,$200
【紐西蘭原裝進口】雪利頂級綿羊奶粉GOLD(益生菌) 700G /罐_全館商品 ,$950
-景岳金敏亦樂益生菌膠囊60T/盒_全館商品 ,"$2,000"
-生達-孅暢乳酸菌 300G /罐_全館商品 ,$600
【景岳】咕嚕好菌多益生菌膠囊60T/盒_全館商品 ,$600
【長榮生醫】益生循環3.7G*30條 /盒_全館商品 ,$780
-馬尚豪E敏素60T (需冷藏) /盒_全館商品 ,"$2,000"
【善存】成人綜合維他命發泡錠(20錠)_全館商品 ,$390
【健康補給站 】益加喜活性高單位維他命C口含錠 (70T) /盒 (特惠買二送一)_全館商品 ,$300
【Sunlife 】森萊富-維他命C1000發泡錠(檸檬口味) 20錠 1入_全館商品 ,$350
-馬尚豪-維他命B-50膠囊 100T/瓶 (買二瓶再送一瓶)_全館商品 ,"$1,200"
-馬尚豪-康健之補綜合維他命(45T*2入) /盒_全館商品 ,"$1,200"
-亮活C 高單位維他命C錠 60T_全館商品 ,$480
【沛力明升級版】馬尚豪-沛力明晶鑽60T/罐 (買4再送3)_全館商品 ,"$1,800"
-銀寶善存 50+女性綜合維他命120T_全館商品 ,$899
-馬尚豪韻之補(45T*2入) /盒 ~買二盒再送一盒_全館商品 ,"$1,000"
【年度銷售冠軍NO.1】馬尚豪元氣補帖10瓶X15ml /盒 【特惠買二盒再送一盒】_全館商品 ,$550
-醇養妍200ml 15包/盒_全館商品 ,$699
【營養補給NO.1】馬尚豪-德仙寶膠囊 250T /瓶~6/30前買二送二再送韓國玻璃微波盒_全館商品 ,"$5,000"
【維持關膝良好的關鍵鏈】~馬尚豪-康博士膜衣錠#小/90錠~【買2送1】_全館商品 ,"$1,000"
【桂格】葡萄糖胺奶粉 750G /罐_全館商品 ,$389
-【全素可食】維維樂-葡萄糖胺高鈣減糖全素奶粉 900G /罐_全館商品 ,$890
-馬尚豪-美力股葡萄糖胺液 加強版 750ML /罐【買二罐再送一罐】_全館商品 ,"$1,500"
-官網限定【健步如飛組】美力股葡萄糖胺液_加強版(750ml/瓶)+馬尚豪珊鈣好(120粒/盒)_全館商品 ,"$3,000"
【桂格】活靈芝6入 /盒_全館商品 ,$339
【台糖】蜆精6罐入/盒_全館商品 ,$369
【禮盒裝】親家香檳茸鱸魚萃 10包入/盒_全館商品 ,"$1,900"
【禮盒裝】親家萃滴雞精禮盒60mlx6入/盒_全館商品 ,$890
-【全素可食】維維樂-葡萄糖胺高鈣減糖全素奶粉 900G /罐_全館商品 ,$890
-【營養補充】亞培安素(原味/不甜)237MLX 24罐X2箱優惠區_全館商品 ,"$2,740"
【健康品牌No. 1】白蘭氏傳統雞精(70g*8入)_全館商品 ,$379
【白蘭氏】旭沛蜆精6罐入/盒_全館商品 ,$339
【滋補聖品】桂格-養氣人蔘禮盒 60ml (8入)_全館商品 ,$460
-桂格-原味玫瑰四物飲6入_全館商品 ,$269
-免運費【營養補充】亞培安素(原味/不甜)237ML 24罐/箱_全館商品 ,"$1,390"
-金克寧銀養奶粉#雙效配方1.5KG /罐_全館商品 ,$760
-亞培適沛 盼納普 -16 女性專用維他命 Abbott SURBEX PRAMILET_全館商品 ,$300
【桂格】葡萄糖胺奶粉 750G /罐_全館商品 ,$389
【紐西蘭原裝進口】雪利頂級綿羊奶粉GOLD(益生菌) 700G /罐_全館商品 ,$950
--增強體力【克寧】銀養奶粉高鈣B群配方1.5KG_全館商品 ,$439
-專為50歲以上【安怡Anlene】長青高鈣奶粉1.5kg_全館商品 ,$559
【全家人營養補充】克寧高鈣全家人營養奶粉2.2kg/罐_全館商品 ,$530
【紐西蘭原裝進口】雪利頂級綿羊奶粉 700G_全館商品 ,$850
【營養好喝 】金牌滿點 3-99歲兒童固敏奶粉1800G--((獨家優惠買3送1))_全館商品 ,$750
-新品上市【美強生】優生媽媽A+奶粉 900G /罐_全館商品 ,$669
-銀寶善存 50+女性綜合維他命120T_全館商品 ,$899
【外出媽咪必備】六甲村-10055寬口拋棄式奶瓶五入組_全館商品 ,$119
-新品上市【孕哺兒】媽媽葉酸口嚼錠60粒 /罐_全館商品 ,$499
-亞培適沛 盼納普 -16 女性專用維他命 Abbott SURBEX PRAMILET_全館商品 ,$300
-美國原裝進口【S-26惠氏 】媽媽藻油DHA膠囊 (60粒/盒)_全館商品 ,"$1,780"
【媽咪營養補給】媽媽孕體菁華奶粉 900G_全館商品 ,$680
-新品上市【美強生】優生媽媽A+奶粉 900G /罐_全館商品 ,$669
【高規格孕產婦營養品】孕哺兒-卵磷脂燕窩多機能細末(60包入)_全館商品 ,"$1,500"
【孕媽媽保健聖品】孕哺兒-高單位微藻DHA軟膠囊 30粒_全館商品 ,"$1,500"
-馬尚豪韻之補(45T*2入) /盒 ~買二盒再送一盒_全館商品 ,"$1,000"
【孕媽媽最愛的營養補充品】孕哺兒-寶貝真珠粉膠囊 60T_全館商品 ,"$1,580"
【孕媽媽最愛的營養補充品】孕哺兒-孕哺專用維他命嚼錠(小) 120粒_全館商品 ,$880
-亞培小安素強護奶粉 1600G/罐_全館商品 ,"$1,239"
-馬尚豪-一日鈣 30T/瓶 (買兩瓶再送一瓶)_全館商品 ,$500
【孕哺兒 小兒系列】小維他營養嚼錠150粒 / 罐_全館商品 ,$499
【小兒利撒爾】晶明葉黃素咀嚼錠42T/盒_全館商品 ,$700
【小兒利撒爾】活菌12_ 60包入/盒_全館商品 ,"$1,200"
【雪印SNOW BRAND】MBP每日健骨飲品*10瓶/盒_全館商品 ,$750
【營養補充 grow up】桂格成長三益菌奶粉1.5KG_全館商品 ,$799
-馬尚豪E敏素60T (需冷藏) /盒_全館商品 ,"$2,000"
【健康補給站 】益加喜活性高單位維他命C口含錠 (70T) /盒 (特惠買二送一)_全館商品 ,$300
【孩子成長的陪伴好友】孕哺兒小兒維他命C口嚼錠 150粒~【買3送1】_全館商品 ,$399
-限時特惠【營養好吃的營養品】金牌森永-頂級綜合羊乳片120粒裝  (買二送一)_全館商品 ,$150
【彌月送禮首選】幫寶適一級幫禮盒(S*2+M*1)_全館商品 ,"$1,239"
【亞培安素】香草清甜禮盒8罐裝 /盒_全館商品 ,$495
【台糖】蜆精6罐入/盒_全館商品 ,$369
【禮盒裝】親家萃滴雞精禮盒60mlx6入/盒_全館商品 ,$890
【貝恩】嬰兒歡心禮盒4件組_全館商品 ,$589
【健康品牌No. 1】白蘭氏傳統雞精(70g*8入)_全館商品 ,$379
【送禮體面大方 ‧實用粉嫩彌月禮】--Hello Kitty 用品禮盒組(附PES奶瓶)--《粉紅.竹籃》_全館商品 ,$790
-馬尚豪金有機活力養生素(加強版)_900G/罐 (買3罐再送1罐)_全館商品 ,$850
-馬尚豪-美力股葡萄糖胺液 加強版 750ML /罐【買二罐再送一罐】_全館商品 ,"$1,500"
【年度銷售冠軍NO.1】馬尚豪元氣補帖10瓶X15ml /盒 【特惠買二盒再送一盒】_全館商品 ,$550
【白蘭氏】旭沛蜆精6罐入/盒_全館商品 ,$339
【彌月送禮首選】幫寶適一級幫禮盒(S*2+M*1)_全館商品 ,"$1,239"
【亞培安素】香草清甜禮盒8罐裝 /盒_全館商品 ,$495
【台糖】蜆精6罐入/盒_全館商品 ,$369
【禮盒裝】親家萃滴雞精禮盒60mlx6入/盒_全館商品 ,$890
【貝恩】嬰兒歡心禮盒4件組_全館商品 ,$589
【健康品牌No. 1】白蘭氏傳統雞精(70g*8入)_全館商品 ,$379
【送禮體面大方 ‧實用粉嫩彌月禮】--Hello Kitty 用品禮盒組(附PES奶瓶)--《粉紅.竹籃》_全館商品 ,$790
-馬尚豪金有機活力養生素(加強版)_900G/罐 (買3罐再送1罐)_全館商品 ,$850
-馬尚豪-美力股葡萄糖胺液 加強版 750ML /罐【買二罐再送一罐】_全館商品 ,"$1,500"
【年度銷售冠軍NO.1】馬尚豪元氣補帖10瓶X15ml /盒 【特惠買二盒再送一盒】_全館商品 ,$550
【白蘭氏】旭沛蜆精6罐入/盒_全館商品 ,$339
【專科】完美防晒水凝膠 80G /瓶_全館商品 ,$323
【叮寧】寶貝有機(慕斯)精油小黑蚊防蚊液50g /罐_全館商品 ,$279
【 Mustela 慕之恬廊】高效性兒童防曬乳 SPF50 40ML_全館商品 ,$396
【HELLO KITTY 】凱蒂貓造型防蚊貼片12+6P /盒_全館商品 ,$89
【香蕉船】兒童系列防曬乳液SPF50 90ml /罐_全館商品 ,$299
【小不叮】驅蚊滾珠乳100ML升級版(全家用) / 瓶_全館商品 ,$330
【叮寧】寶貝有機精油小黑蚊防蚊液80g /罐_全館商品 ,$289
【小不叮】驅蚊噴霧120ML升級版(嬰幼用)_全館商品 ,$320
【小不叮】小黑蚊驅蚊貼片12P(嬰幼用)_全館商品 ,$150
【雪芙蘭】超水感高效防曬噴霧(防水型)SPF50+ 50g /瓶_全館商品 ,$179
-3秒防曬不費力【廣源良】沁涼防曬噴霧SPF50 /罐_全館商品 ,$289
【專科】完美防晒水凝膠 80G /瓶_全館商品 ,$323
【 Mustela 慕之恬廊】高效性兒童防曬乳 SPF50 40ML_全館商品 ,$396
【香蕉船】兒童系列防曬乳液SPF50 90ml /罐_全館商品 ,$299
【雪芙蘭】超水感高效防曬噴霧(防水型)SPF50+ 50g /瓶_全館商品 ,$179
-3秒防曬不費力【廣源良】沁涼防曬噴霧SPF50 /罐_全館商品 ,$289
-敏弱肌膚適用【Cetaphil 舒特膚】舒特膚 全日護(清爽型)防曬凝乳(SPF30EPA+++)30ml /瓶_全館商品 ,$560
【 Mustela 慕之恬廊】高效性兒童防曬乳 SPF50 100ML /罐_全館商品 ,$720
【pH5.5 配方】施巴成人防曬乳液SPF50 50ML_全館商品 ,$259
【超水感。抗日曬】專科水感Q10保濕防曬乳50G_全館商品 ,$279
-夏日熱銷排行NO.1【LOVE FACE愛戀顏】UV防曬乳SPF50 50ML_全館商品 ,$799
【LOVE FACE愛戀顏】UV防曬乳SPF28 30ML /瓶_全館商品 ,$980
【叮寧】寶貝有機(慕斯)精油小黑蚊防蚊液50g /罐_全館商品 ,$279
【HELLO KITTY 】凱蒂貓造型防蚊貼片12+6P /盒_全館商品 ,$89
【小不叮】驅蚊滾珠乳100ML升級版(全家用) / 瓶_全館商品 ,$330
【叮寧】寶貝有機精油小黑蚊防蚊液80g /罐_全館商品 ,$289
【小不叮】驅蚊噴霧120ML升級版(嬰幼用)_全館商品 ,$320
【小不叮】小黑蚊驅蚊貼片12P(嬰幼用)_全館商品 ,$150
-韓國 Bikit Guard 救援小英雄 精油防蚊扣 (波力poli/安寶/蘿伊/赫利 ) /個_全館商品 ,$135
【德國品牌】貝恩嬰兒防蚊噴液 100ML_全館商品 ,$199
-韓國造型時尚【 DS Wing STOP 】精油防蚊扣 (不挑色)_全館商品 ,$99
【NAC NAC】草本薰衣草防蚊貼片20入  /盒_全館商品 ,$169
【小不叮】紫草膏升級版(全家用)_全館商品 ,$165
【維持關膝良好的關鍵鏈】~馬尚豪-康博士膜衣錠#小/90錠~【買2送1】_全館商品 ,"$1,000"
-藻寡醣褐抑定粉劑 250包入/盒_全館商品 ,"$30,000"
-銀寶善存 50+女性綜合維他命120T_全館商品 ,$899
-馬尚豪金有機活力養生素(加強版)_900G/罐 (買3罐再送1罐)_全館商品 ,$850
-馬尚豪-美力股葡萄糖胺液 加強版 750ML /罐【買二罐再送一罐】_全館商品 ,"$1,500"
-馬尚豪-維他命B-50膠囊 100T/瓶 (買二瓶再送一瓶)_全館商品 ,"$1,200"
【年度銷售冠軍NO.1】馬尚豪元氣補帖10瓶X15ml /盒 【特惠買二盒再送一盒】_全館商品 ,$550
-馬尚豪-德仙寶膠囊 30T /瓶【特惠下單二瓶再送一瓶】_全館商品 ,"$1,000"
-官網限定【健步如飛組】美力股葡萄糖胺液_加強版(750ml/瓶)+馬尚豪珊鈣好(120粒/盒)_全館商品 ,"$3,000"
-馬尚豪 珊鈣好120T/盒 (買二盒再送一盒)_全館商品 ,"$1,500"
銀寶善存 50+男性綜合維他命120T_全館商品 ,$899
【維持關膝良好的關鍵鏈】~馬尚豪-康博士膜衣錠#小/90錠~【買2送1】_全館商品 ,"$1,000"
-藻寡醣褐抑定粉劑 250包入/盒_全館商品 ,"$30,000"
-銀寶善存 50+女性綜合維他命120T_全館商品 ,$899
-馬尚豪金有機活力養生素(加強版)_900G/罐 (買3罐再送1罐)_全館商品 ,$850
-馬尚豪-美力股葡萄糖胺液 加強版 750ML /罐【買二罐再送一罐】_全館商品 ,"$1,500"
-馬尚豪-維他命B-50膠囊 100T/瓶 (買二瓶再送一瓶)_全館商品 ,"$1,200"
【年度銷售冠軍NO.1】馬尚豪元氣補帖10瓶X15ml /盒 【特惠買二盒再送一盒】_全館商品 ,$550
-馬尚豪-德仙寶膠囊 30T /瓶【特惠下單二瓶再送一瓶】_全館商品 ,"$1,000"
-官網限定【健步如飛組】美力股葡萄糖胺液_加強版(750ml/瓶)+馬尚豪珊鈣好(120粒/盒)_全館商品 ,"$3,000"
-馬尚豪 珊鈣好120T/盒 (買二盒再送一盒)_全館商品 ,"$1,500"
銀寶善存 50+男性綜合維他命120T_全館商品 ,$899
【自然補劑】勤寮素左旋麩醯胺酸複方粉300g  一罐_全館商品 ,"$1,500"
-【濡洱沐康】全方位胺基酸 600G-杏仁口味/罐  (買10罐送2罐)_全館商品 ,"$1,200"
-藻寡醣-加強配方60T_全館商品 ,"$3,000"
【自然補劑】勤寮素左旋麩醯胺酸複方粉300g  一罐_全館商品 ,"$1,500"
-【濡洱沐康】全方位胺基酸 600G-杏仁口味/罐  (買10罐送2罐)_全館商品 ,"$1,200"
-藻寡醣-加強配方60T_全館商品 ,"$3,000"
【沛力明升級版】馬尚豪-沛力明晶鑽60T/罐 (買4再送3)_全館商品 ,"$1,800"
-菁采葉黃素複方軟膠囊60粒(全素)_全館商品 ,$900
-馬尚豪納豆通之元60粒/盒 【特惠買二再送一】_全館商品 ,"$1,800"
【沛力明升級版】馬尚豪-沛力明晶鑽60T/罐 (買4再送3)_全館商品 ,"$1,800"
-菁采葉黃素複方軟膠囊60粒(全素)_全館商品 ,$900
【靠得住】柔綿超薄產褥墊35cm 20片/包_全館商品 ,$69
-新品上市【孕哺兒】媽媽葉酸口嚼錠60粒 /罐_全館商品 ,$499
-日本OSAKI Monari清淨棉40入/盒_全館商品 ,$164
-韓國 【BABYJOY 】站立量杯型感溫抗菌母乳儲存袋200ml(30入) /盒_全館商品 ,$189
-新品上市【美強生】優生媽媽A+奶粉 900G /罐_全館商品 ,$669
-日本《Pigeon 貝親》防溢乳墊126P/包_全館商品 ,$359
【德國品牌】貝恩美體撫紋霜200ML 一罐_全館商品 ,$899
【撫平及淡化細紋，預防肌膚細紋產生】施巴彈力除紋妊娠霜~200ML_全館商品 ,$990
【Mustela慕之恬廊】慕之孕孕膚霜 150ml / 瓶_全館商品 ,"$1,145"
【德國sanosan珊諾】天然海洋香洗髮沐浴露250ml_全館商品 ,$159
【貝親】乳頭清淨棉_全館商品 ,$199
【六甲村】加大型產褥墊5入_全館商品 ,$175
【靠得住】柔綿超薄產褥墊35cm 20片/包_全館商品 ,$69
-新品上市【孕哺兒】媽媽葉酸口嚼錠60粒 /罐_全館商品 ,$499
-日本OSAKI Monari清淨棉40入/盒_全館商品 ,$164
-韓國 【BABYJOY 】站立量杯型感溫抗菌母乳儲存袋200ml(30入) /盒_全館商品 ,$189
-新品上市【美強生】優生媽媽A+奶粉 900G /罐_全館商品 ,$669
-日本《Pigeon 貝親》防溢乳墊126P/包_全館商品 ,$359
【德國品牌】貝恩美體撫紋霜200ML 一罐_全館商品 ,$899
【撫平及淡化細紋，預防肌膚細紋產生】施巴彈力除紋妊娠霜~200ML_全館商品 ,$990
【Mustela慕之恬廊】慕之孕孕膚霜 150ml / 瓶_全館商品 ,"$1,145"
【貝親】乳頭清淨棉_全館商品 ,$199
【培寶】蝶型3D立體母乳墊(52片)_全館商品 ,$225
【Mustela慕之恬廊】慕之孕孕膚霜 150ml / 瓶_全館商品 ,"$1,145"
【德國sanosan珊諾】天然海洋香洗髮沐浴露250ml_全館商品 ,$159
【德國sanosan珊諾】孕媽咪抗紋調理按摩油100ML_全館商品 ,$578
【外出媽咪必備】六甲村-10055寬口拋棄式奶瓶五入組_全館商品 ,$119
【外出媽咪必備】六甲村-10056拋棄式奶瓶專用配件組_全館商品 ,$79
【外出媽咪必備】舒適牌~兩用兒童乘車輔助帶(顏色隨機)_全館商品 ,$470
【西瓜哥哥限定組合】T-Spray kids&兒童含鈣健齒噴霧(葡萄口味)_全館商品 ,$269
【西瓜哥哥限定組合】T-Spray kids兒童含鈣健齒噴霧(草莓口味)_全館商品 ,$269
【西瓜哥哥限定組合】T-Spray kids兒童含鈣健齒噴霧(牛奶口味)_全館商品 ,$269
【 Love Child 加拿大寶貝泥 】優格寶-黑莓.覆盆子莓.西洋梨.香蕉128ml_全館商品 ,$118
【 Love Child 加拿大寶貝泥 】優格寶-蘋果.草莓.維多利亞大黃菜128ml_全館商品 ,$118
【 Love Child 加拿大寶貝泥 】均衡寶系列-菠菜.綠花椰菜.奇異果.蘋果128ml_全館商品 ,$118
【 Love Child 加拿大寶貝泥 】均衡寶系列-玉米.胡南瓜.蘋果128ml_全館商品 ,$118
【 Love Child 加拿大寶貝泥 】均衡寶系列-藍莓.香蕉.蘋果128ml_全館商品 ,$118
【小獅王辛巴 simba 】蘿蔓晶鑽寬口葫蘆玻璃大奶瓶-270ml /支 (香草/玫瑰/艷陽 請備註)_全館商品 ,$190
【小獅王】PPSU自動把手滑蓋杯240ml (櫻花)_全館商品 ,$399
【施巴】嬰兒洗髮乳250ml / 罐_全館商品 ,$335
-拒絕紅屁屁【施巴5.5】施巴嬰兒護疹修護膏100ML_全館商品 ,$289
【小獅王】滑溜溜專利奶粉盒/個_全館商品 ,$110
【Baan 貝恩 】貝恩菩提花沐浴精Baby Soft Bath_ 200ml / 罐_全館商品 ,$120
【德國品牌】貝恩全效護膚膏 50ML_全館商品 ,$192
【德國sanosan珊諾】天然清新香洗髮沐浴露250ml_全館商品 ,$159
【媽媽哺育的最佳選擇】培寶分離式三層奶粉盒/個_全館商品 ,$165
【德國sanosan珊諾】寶寶沐浴澎澎超值組_全館商品 ,$588
【德國品牌】貝恩嬰兒防蚊噴液 100ML_全館商品 ,$199
-限時特惠【藥師熊】蔬果奶瓶清潔液850ML /瓶  (買2瓶再送1瓶)_全館商品 ,$149
【藥師熊】蘋果牛奶嬰兒潤膚乳液 395ML /2瓶_全館商品 ,$198
【藥師熊】蘋果牛奶嬰兒洗髮沐浴露 395ML /2瓶_全館商品 ,$198
【施巴】嬰兒洗髮乳250ml / 罐_全館商品 ,$335
-拒絕紅屁屁【施巴5.5】施巴嬰兒護疹修護膏100ML_全館商品 ,$289
【施巴5.5】施巴嬰兒泡泡浴露500ML*2罐入_全館商品 ,$788
【Sebamed】施巴嬰兒防曬乳(SPF50)200ML 一罐_全館商品 ,$690
【施巴】嬰兒洗髮乳250ml*2罐入_全館商品 ,$569
【施巴5.5】施巴嬰兒舒敏乳液200ML 一罐_全館商品 ,$399
-施巴5.5 抗乾敏保濕乳液 ★~200ML_全館商品 ,$609
-施巴5.5 抗乾敏滋潤浴露 ★~1000ML_全館商品 ,$799
【施巴】嬰兒泡泡浴露500ML*2罐_全館商品 ,$788
-施巴-BABY粉藍熊語大四件禮盒_全館商品 ,"$1,599"
【Sebamed】施巴嬰兒護唇膏4.8G  一條_全館商品 ,$139
【德國sanosan珊諾】天然清新香洗髮沐浴露250ml_全館商品 ,$159
【德國sanosan珊諾】寶寶沐浴澎澎超值組_全館商品 ,$588
【德國sanosan珊諾】天然櫻花香洗潤髮沐浴露250ml_全館商品 ,$159
【德國sanosan珊諾】天然櫻花香柔順髮香噴霧125ml_全館商品 ,$159
【德國sanosan珊諾】天然櫻花香泡泡慕絲250ml_全館商品 ,$220
【德國sanosan珊諾】天然海洋香洗髮沐浴露250ml_全館商品 ,$159
【法國品牌】蔻蘿蘭-寶寶爽身粉 100g_全館商品 ,$430
【法國品牌】蔻蘿蘭-寶寶洗髮沐浴精 200ML_全館商品 ,$430
【法國品牌】蔻蘿蘭-寶寶洗髮沐浴精500ML_全館商品 ,$792
【All the Best】CHICCO-嬰兒香乳皂 100G /個_全館商品 ,$96
【All the Best】CHICCO-嬰兒洗髮+沐浴露500ML(超值組)  一組_全館商品 ,$464
【All the Best】CHICCO-嬰兒甜蜜蜜旅行組  1組_全館商品 ,$168
【All the Best】CHICCO-天然草本防蚊滾珠 60ML  /瓶_全館商品 ,$199
【All the Best】CHICCO-寶貝嬰兒洗髮精 200ML /瓶_全館商品 ,$224
【All the Best】CHICCO-嬰兒細緻爽身粉 150ML /瓶_全館商品 ,$224
【All the Best】CHICCO-嬰兒泡泡浴露 200ML  /瓶_全館商品 ,$224
【All the Best】CHICCO-嬰兒洗髮沐浴乳 200ML  /瓶_全館商品 ,$224
【All the Best】CHICCO-嬰兒潤膚油 200ML /罐_全館商品 ,$280
【All the Best】CHICCO-嬰兒加強修護面霜 50ML_全館商品 ,$299
【All the Best】CHICCO-嬰兒保濕乳霜 100ML /罐_全館商品 ,$315
【媽媽哺育的最佳選擇】培寶分離式三層奶粉盒/個_全館商品 ,$165
【bab】培寶木瓜酵素奶瓶清潔劑(1罐2補充包)  一組_全館商品 ,$360
【bab】培寶-浴盆  一個_全館商品 ,$490
【bab】培寶綠茶洗衣精促銷包(1罐+2包)  一組_全館商品 ,$499
【bab】培寶-全自動奶瓶消毒鍋  一入_全館商品 ,"$1,260"
【bab】培寶五段式電腦夜光液晶溫控調乳器3.8L 一入_全館商品 ,"$2,490"
【bab】培寶e世代蒸汽式奶瓶消毒鍋_全館商品 ,$899
【bab】培寶-負離子奶瓶烘乾消毒鍋   一入_全館商品 ,"$2,290"
-【bab】培寶-嬰兒洗髮精#綠茶   300ML  一入_全館商品 ,$175
-【bab】培寶嬰兒乳液#綠茶 100ML 2入_全館商品 ,$250
-【bab】培寶嬰兒涼性爽身粉300G  一入_全館商品 ,$99
【小獅王辛巴 simba 】蘿蔓晶鑽寬口葫蘆玻璃大奶瓶-270ml /支 (香草/玫瑰/艷陽 請備註)_全館商品 ,$190
【小獅王】PPSU自動把手滑蓋杯240ml (櫻花)_全館商品 ,$399
【小獅王】滑溜溜專利奶粉盒/個_全館商品 ,$110
【小獅王】瑞士小白花嬰兒按摩油 200ML_全館商品 ,$299
【阿爾卑斯山小白花】小獅王-PH5.5嬰兒泡泡浴露 500ML_全館商品 ,$210
【體驗自然哺育的感動】小獅王-PPSU自動把手寬口雙凹中奶瓶 270M /支 (恕不挑色)_全館商品 ,$338
【小獅王】PPSU自動把手滑蓋杯替換吸管組(2入)_全館商品 ,$95
【小獅王】PPSU自動把手滑蓋杯240ml(迷彩)_全館商品 ,$399
【小獅王】PPSU自動把手滑蓋杯240ml(豹紋)_全館商品 ,$399
【小獅王】溜滑梯專利衛生奶粉盒_全館商品 ,$179
-副食品必備【小獅王】軟質湯匙_全館商品 ,$69
【KUKU】神奇喝水杯 (藍/粉) /個_全館商品 ,$240
【Baby's friend 酷咕鴨】KUKU-鴨妙齒刷_全館商品 ,$152
【Baby's friend 酷咕鴨】KUKU-玩耍薄肚圍-L_全館商品 ,$165
【Baby's friend 酷咕鴨】KUKU-2913學步鞋 淺藍/粉 (M~XXL)_全館商品 ,$166
【Baby's friend 酷咕鴨】KUKU-2914超透氣學步鞋(淺藍/深藍) M~XXL_全館商品 ,$166
【Baby's friend 酷咕鴨】KUKU-5378安全酷涼扇(藍/粉)_全館商品 ,$242
【Baby's friend 酷咕鴨】KUKU-棉心紗透氣肚圍L (藍/粉)_全館商品 ,$255
【Baby's friend 酷咕鴨】KUKU-舒眠護頭枕(粉/藍)_全館商品 ,$259
【Baby's friend 酷咕鴨】KUKU-紗布毛巾浴巾_全館商品 ,$399
【Baby's friend 酷咕鴨】KUKU-抱抱護頭枕(粉/藍)_全館商品 ,$399
【Baby's friend 酷咕鴨】KUKU-2046親水透氣嬰兒乳膠枕(藍/粉)_全館商品 ,$439
【Baan 貝恩 】貝恩菩提花沐浴精Baby Soft Bath_ 200ml / 罐_全館商品 ,$120
【德國品牌】貝恩全效護膚膏 50ML_全館商品 ,$192
【德國品牌】貝恩嬰兒防蚊噴液 100ML_全館商品 ,$199
【德國第一品牌】貝恩嬰兒歡樂洗澡組(泡泡香浴露1000ML+洗髮精200ML)_全館商品 ,$599
【德國品牌】Baan貝恩全效護膚膏  150ML / 瓶_全館商品 ,$336
【德國品牌】貝恩嬰兒防蚊貼25P*2盒入 /組_全館商品 ,$349
【彌月送禮首選】幫寶適一級幫禮盒(S*2+M*1)_全館商品 ,"$1,239"
【新品上市】滿意寶寶極緻呵護L 52P *4包/箱_全館商品 ,"$2,080"
【新品上市】滿意寶寶極緻呵護S 60P*4包/箱_全館商品 ,"$1,620"
【新品上市】滿意寶寶極緻呵護M 62P *4包/箱_全館商品 ,"$2,080"
【GOO.N 日本大王】頂級境內版紙尿褲S (50片x4包)_全館商品 ,"$1,250"
【GOO.N 日本大王】頂級境內版紙尿褲NB (36片x3包)_全館商品 ,$690
【新包裝】滿意寶寶M瞬潔乾爽 62片*4包/箱_全館商品 ,"$1,650"
【新包裝】滿意寶寶L瞬潔乾爽52片 *4包/箱_全館商品 ,"$1,650"
【新包裝】滿意寶寶XL瞬潔乾爽44片 *4包/箱_全館商品 ,"$1,650"
【新品上市 箱購優惠】幫寶適一級幫L 42片/包 (4包/箱)_全館商品 ,"$1,950"
【新品上市 箱購優惠】幫寶適一級幫M 52片/包 (4包/箱)_全館商品 ,"$1,950"
【GOO.N 日本大王】頂級境內版紙尿褲S (50片x4包)_全館商品 ,"$1,250"
【GOO.N 日本大王】頂級境內版紙尿褲NB (36片x3包)_全館商品 ,$690
【日本大王】樂樂褲L多啦A夢限量版 (42片x3包/箱)【箱購】_全館商品 ,"$1,295"
【日本大王】樂樂褲XXL多啦A夢限量版 (28片x3包/箱)【箱購】_全館商品 ,"$1,295"
【彌月送禮首選】幫寶適一級幫禮盒(S*2+M*1)_全館商品 ,"$1,239"
【新品上市 箱購優惠】幫寶適一級幫L 42片/包 (4包/箱)_全館商品 ,"$1,950"
【新品上市 箱購優惠】幫寶適一級幫M 52片/包 (4包/箱)_全館商品 ,"$1,950"
【新品上市 箱購優惠】幫寶適一級幫NB 32片/包 (4包/箱)_全館商品 ,"$1,650"
【新品上市 箱購優惠】幫寶適一級幫S 60片/包 (4包/箱)_全館商品 ,"$1,758"
【新品上市 箱購優惠】幫寶適一級幫XL 33片/包 (4包/箱)_全館商品 ,"$1,950"
【新品上市 箱購優惠】幫寶適一級幫拉拉褲XXL 25片/包 (4包/箱)_全館商品 ,"$1,950"
【新品上市 箱購優惠】幫寶適一級幫拉拉褲L 36片/包 (4包/箱)_全館商品 ,"$1,750"
【新品上市 箱購優惠】幫寶適一級幫拉拉褲XL 30片/包 (4包/箱)_全館商品 ,"$1,750"
【新品上市 箱購優惠】幫寶適一級幫拉拉褲M 44片/包 (4包/箱)_全館商品 ,"$1,750"
【新品上市】幫寶適超薄乾爽拉拉褲XL-32P  (6包/箱)_全館商品 ,"$1,895"
-金好奇PH5.5 XL尿布40+8P (4包/箱)_全館商品 ,"$1,476"
-好奇白金級L頂級守護44片(3包/箱)_全館商品 ,"$1,300"
-金好奇PH5.5 XXL尿布25P+2 (6包/箱)_全館商品 ,"$2,029"
-金好奇PH5.5 M尿布58+8P  (4包/箱)_全館商品 ,"$1,476"
-金好奇PH5.5 L尿布46+8P  (4包/箱)_全館商品 ,"$1,532"
-【新品上市】好奇白金級新生賀禮尿布禮盒_全館商品 ,$899
-好奇白金級S頂級守護52片(3包/箱)_全館商品 ,"$1,039"
-好奇白金級NB頂級守護40片(3包/箱)_全館商品 ,$700
-好奇白金級XL頂級守護35片(3包/箱)_全館商品 ,"$1,300"
-【免運費】妙而舒金緻柔點成長禮盒_全館商品 ,"$1,059"
-【免運費 送禮自用兩相宜】妙而舒頂級舒爽新生禮盒_全館商品 ,"$1,069"
-【免運費 送禮自用兩相宜】妙而舒S頂級舒爽78片 (3包/箱)_全館商品 ,"$1,250"
-NEW 新包裝_妙而舒L瞬吸舒爽52P (4包/箱)_全館商品 ,"$1,650"
-NEW 新包裝_妙而舒M瞬吸舒爽66P  (3包/箱)_全館商品 ,"$1,250"
-妙而舒XL瞬吸舒爽44P (4包/箱)_全館商品 ,"$1,650"
-妙而舒NB頂級舒爽42片 (4包/箱)_全館商品 ,$760
-全新包裝_妙而舒M金緻柔點透氣 42片 (4包/箱)_全館商品 ,"$1,360"
-全新包裝_妙而舒L金緻柔點透氣36P  (4包/箱)_全館商品 ,"$1,360"
-全新包裝_妙而舒S金緻柔點透氣 54片 (4包/箱)_全館商品 ,"$1,360"
-妙而舒XL金緻柔點透氣28P  (6包/箱)_全館商品 ,"$1,990"
【新品上市】滿意寶寶極緻呵護L 52P *4包/箱_全館商品 ,"$2,080"
【新品上市】滿意寶寶極緻呵護S 60P*4包/箱_全館商品 ,"$1,620"
【新品上市】滿意寶寶極緻呵護M 62P *4包/箱_全館商品 ,"$2,080"
【新包裝】滿意寶寶M瞬潔乾爽 62片*4包/箱_全館商品 ,"$1,650"
【新包裝】滿意寶寶L瞬潔乾爽52片 *4包/箱_全館商品 ,"$1,650"
【新包裝】滿意寶寶XL瞬潔乾爽44片 *4包/箱_全館商品 ,"$1,650"
【滿意寶寶】 兒童系列女用晚安褲22片/包 (3包/箱)_全館商品 ,"$1,297"
【滿意寶寶】XXL輕巧穿褲型/男用19片(4包/箱)_全館商品 ,"$1,296"
【滿意寶寶 MOONY】日本頂級超薄紙尿褲女用(L) (44片 x 4包/箱)_全館商品 ,"$1,750"
日本銷售No1.【滿意寶寶 moony】玩水褲 男/女 M-XL (3片/包) 請備註男/女尺寸_全館商品 ,$139
-Moony頂級M日本頂級尿布64P  *4包/箱_全館商品 ,"$2,016"
-【金貝貝】金貝貝XXL棉柔透氣 27+1片  6包/箱_全館商品 ,"$1,500"
-【金貝貝】金貝貝XL棉柔透氣 40+4片 4包/箱_全館商品 ,"$1,036"
-【金貝貝】金貝貝L棉柔透氣 46+4片 4包/箱_全館商品 ,"$1,036"
【外出媽咪必備】六甲村-10055寬口拋棄式奶瓶五入組_全館商品 ,$119
-貝瑞克掌上型電動吸乳器-L667 /台_全館商品 ,"$2,690"
-韓國 【BABYJOY 】站立量杯型感溫抗菌母乳儲存袋200ml(30入) /盒_全館商品 ,$189
【小獅王】滑溜溜專利奶粉盒/個_全館商品 ,$110
【NAC NAC】微電腦多功能溫奶器UC-0031_全館商品 ,"$1,690"
【媽媽哺育的最佳選擇】培寶分離式三層奶粉盒/個_全館商品 ,$165
【韓國特製】愛迪生-不鏽鋼幼兒學習匙叉組_全館商品 ,$239
【網路熱銷】PHILIPS 早產/新生兒專用奶嘴(香草味 )【3號】_全館商品 ,$128
【網路熱銷】PHILIPS 飛利浦 香草奶嘴系列(30-34週早產兒適用)_全館商品 ,$128
【體驗自然哺育的感動】小獅王-PPSU自動把手寬口雙凹中奶瓶 270M /支 (恕不挑色)_全館商品 ,$338
【小獅王】溜滑梯專利衛生奶粉盒_全館商品 ,$179
【外出媽咪必備】六甲村-10055寬口拋棄式奶瓶五入組_全館商品 ,$119
【外出媽咪必備】六甲村-10056拋棄式奶瓶專用配件組_全館商品 ,$79
【外出媽咪必備】舒適牌~兩用兒童乘車輔助帶(顏色隨機)_全館商品 ,$470
【 Love Child 加拿大寶貝泥 】均衡寶系列-藍莓、甘藷、紅蘿蔔、蘋果128ml_全館商品 ,$118
【 Mustela 慕之恬廊】高效性兒童防曬乳 SPF50 40ML_全館商品 ,$396
【香蕉船】兒童系列防曬乳液SPF50 90ml /罐_全館商品 ,$299
【小不叮】驅蚊噴霧120ML升級版(嬰幼用)_全館商品 ,$320
【小不叮】小黑蚊驅蚊貼片12P(嬰幼用)_全館商品 ,$150
【 Mustela 慕之恬廊】高效性兒童防曬乳 SPF50 100ML /罐_全館商品 ,$720
【Mother-K 】寶寶奶粉抗菌防靜電儲存袋(30入)/盒_全館商品 ,$180
【亞米兔】舒適嬰童腰凳揹袋 (黑/紫/紅色 請擇一)_全館商品 ,$790
【西瓜哥哥限定組合】T-Spray kids&兒童含鈣健齒噴霧(葡萄口味)_全館商品 ,$269
【西瓜哥哥限定組合】T-Spray kids兒童含鈣健齒噴霧(草莓口味)_全館商品 ,$269
【西瓜哥哥限定組合】T-Spray kids兒童含鈣健齒噴霧(牛奶口味)_全館商品 ,$269
【NAC NAC】草本呵護泡泡浴露  /罐_全館商品 ,$199
-義大利品牌【chicco】原生脂嬰兒洗髮沐浴露200ml /瓶_全館商品 ,$305
【嬌生】嬰兒爽身粉-甜夢 400G/罐_全館商品 ,$125
【嬌生】嬰兒爽身粉(三重配方) 400G/罐_全館商品 ,$125
【NAC NAC】植物酵素爽身粉90G_全館商品 ,$165
【Mustela慕之恬廊 】舒恬良雙潔乳200ML /瓶_全館商品 ,$499
【NAC NAC】草本酵素酵素入浴劑1罐+1包入_全館商品 ,$525
-呵護小公主【嬌生嬰兒】活力亮澤洗髮露 (摩洛哥堅果油) 500ml / 罐_全館商品 ,$169
【外出媽咪必備】六甲村-10055寬口拋棄式奶瓶五入組_全館商品 ,$119
【 Love Child 加拿大寶貝泥 】優格寶-黑莓.覆盆子莓.西洋梨.香蕉128ml_全館商品 ,$118
【 Love Child 加拿大寶貝泥 】優格寶-蘋果.草莓.維多利亞大黃菜128ml_全館商品 ,$118
【 Love Child 加拿大寶貝泥 】均衡寶系列-菠菜.綠花椰菜.奇異果.蘋果128ml_全館商品 ,$118
【 Love Child 加拿大寶貝泥 】均衡寶系列-玉米.胡南瓜.蘋果128ml_全館商品 ,$118
【 Love Child 加拿大寶貝泥 】均衡寶系列-藍莓.香蕉.蘋果128ml_全館商品 ,$118
【 Love Child 加拿大寶貝泥 】均衡寶系列-藍莓、甘藷、紅蘿蔔、蘋果128ml_全館商品 ,$118
-愛兒優佳1-3歲成長奶粉1800G --((獨家優惠買3送1))_全館商品 ,$950
-亞培小安素強護奶粉 1600G/罐_全館商品 ,"$1,239"
【桂格Health】 小朋友三益菌奶粉1.5KG /罐_全館商品 ,$719
亞培小安素強護奶粉 850G /罐_全館商品 ,$719
-惠幼益兒壯-蘋果電解質液360ml＊4罐入_全館商品 ,$150
-美多樂電解發泡粉5P_全館商品 ,$100
-惠幼益兒壯-草莓電解質液360ml X 4罐_全館商品 ,$150
-惠幼益兒壯-葡萄電解質液360ml＊4罐入_全館商品 ,$150
-惠幼益兒壯-百香果電解質液360ml＊4罐入_全館商品 ,$150
-惠幼Kinderlyte益兒壯(蘋果)500ml-(24瓶/箱)_全館商品 ,"$1,680"
【外出媽咪必備】六甲村-10055寬口拋棄式奶瓶五入組_全館商品 ,$119
【外出媽咪必備】六甲村-10055寬口拋棄式奶瓶五入組_全館商品 ,$119
-愛兒優佳1-3歲成長奶粉1800G --((獨家優惠買3送1))_全館商品 ,$950
-亞培小安素強護奶粉 1600G/罐_全館商品 ,"$1,239"
【桂格Health】 小朋友三益菌奶粉1.5KG /罐_全館商品 ,$719
亞培小安素強護奶粉 850G /罐_全館商品 ,$719
【金選明治】成長奶粉850G/罐_全館商品 ,$600
【營養補充 grow up】桂格成長三益菌奶粉1.5KG_全館商品 ,$799
【營養好喝 】金牌滿點 3-99歲兒童固敏奶粉1800G--((獨家優惠買3送1))_全館商品 ,$750
【亞培】心美力兒童奶粉4號 (1.7kg )_全館商品 ,$968
【Baby's friend 酷咕鴨】KUKU-玩耍薄肚圍-L_全館商品 ,$165
【Baby's friend 酷咕鴨】KUKU-2913學步鞋 淺藍/粉 (M~XXL)_全館商品 ,$166
【Baby's friend 酷咕鴨】KUKU-2914超透氣學步鞋(淺藍/深藍) M~XXL_全館商品 ,$166
【貝親】超跑搖擺學步車_全館商品 ,"$1,990"
【迪士尼系列】米妮聲光飛機滑行助步車_全館商品 ,"$1,905"
【迪士尼系列】米奇聲光飛機滑行助步車_全館商品 ,"$1,905"
【彌月送禮首選】幫寶適一級幫禮盒(S*2+M*1)_全館商品 ,"$1,239"
【培寶】超厚柔護手口臉用柔濕巾80抽(3包入/串) 箱購6串共18包/箱_全館商品 ,$895
-Moony頂級M日本頂級尿布64P  *4包/箱_全館商品 ,"$2,016"
【Baan 貝恩 】貝恩菩提花沐浴精Baby Soft Bath_ 200ml / 罐_全館商品 ,$120
【拭拭樂】超純水濕巾-無蓋85抽3包入/串-箱購(12串/36包入)_全館商品 ,"$1,188"
【百貨專櫃】NAC NAC-牛奶燕麥潔膚禮盒_全館商品 ,$499
-【免運費】妙而舒金緻柔點成長禮盒_全館商品 ,"$1,059"
-【免運費 送禮自用兩相宜】妙而舒頂級舒爽新生禮盒_全館商品 ,"$1,069"
【貝恩】嬰兒寶貝禮盒5件組_全館商品 ,$999
【貝恩】嬰兒歡心禮盒4件組_全館商品 ,$589
-送禮自用皆宜【慕之恬廊】嬰兒清潔護膚禮盒_全館商品 ,$890
【包大人】加厚濕紙巾 80抽x24包/箱_全館商品 ,"$1,250"
【箱購特惠】麗莎有蓋嬰兒柔濕巾70抽 (32包)/箱_全館商品 ,$999
【培寶】超厚柔護手口臉用柔濕巾80抽(3包入/串) 箱購6串共18包/箱_全館商品 ,$895
【拭拭樂】超純水濕巾-無蓋85抽3包入/串-箱購(12串/36包入)_全館商品 ,"$1,188"
【小獅王】生醫級EDI超厚柔濕巾90抽*3包入_全館商品 ,$179
【培寶】超厚柔護手口臉用柔濕巾80抽3包入/串_全館商品 ,$159
【小獅王】PPSU自動把手滑蓋杯240ml (櫻花)_全館商品 ,$399
-Basilic【貝喜力克】滑蓋喝水杯240ML / 個   ( 分男女款 顏色隨機)_全館商品 ,$269
【小獅王】不滴水好樂杯  (顏色採隨機出貨)_全館商品 ,$193
【可愛造型學習杯】喜多晶彩學飲杯180ML (不挑款)_全館商品 ,$120
【KUKU】神奇喝水杯 (藍/粉) /個_全館商品 ,$240
【小獅王】PPSU自動把手滑蓋杯替換吸管組(2入)_全館商品 ,$95
【小獅王】PPSU自動把手滑蓋杯240ml(迷彩)_全館商品 ,$399
【小獅王】PPSU自動把手滑蓋杯240ml(豹紋)_全館商品 ,$399
【時尚學習杯】狐狸村-自動彈跳吸管學習杯(藍/粉) 200ml_全館商品 ,$266
【Baby's friend 酷咕鴨】KUKU-棉心紗透氣肚圍L (藍/粉)_全館商品 ,$255
【Baby's friend 酷咕鴨】KUKU-舒眠護頭枕(粉/藍)_全館商品 ,$259
【Baby's friend 酷咕鴨】KUKU-抱抱護頭枕(粉/藍)_全館商品 ,$399
【Baby's friend 酷咕鴨】KUKU-2046親水透氣嬰兒乳膠枕(藍/粉)_全館商品 ,$439
【Baby's friend 酷咕鴨】KUKU-2025嬰兒感溫記憶枕+枕套(藍/粉)_全館商品 ,$524
【大地系、有機棉】小獅王-有機棉塑型枕_全館商品 ,$580
【呵護寶貝肌膚】蔻蘿蘭寶寶全能保濕乳40ml /瓶_全館商品 ,$400
【慕之恬廊 Mustela 】慕之幼高效面霜-含冷霜40ML /罐_全館商品 ,$289
-貝臣 Bubchen 雪花膏75ml / 罐_全館商品 ,$405
【Mustela慕之恬廊】舒恬良滋養型柔舒霜200ML_全館商品 ,$668
【德國品牌】貝恩全效護膚膏 50ML_全館商品 ,$192
【小獅王】瑞士小白花嬰兒按摩油 200ML_全館商品 ,$299
【限時特惠】舒異敏+24H 燕麥精華乳液 200ML/瓶  (買二再送一)_全館商品 ,$680
-日本艾迪美乳霜(罐裝) 120G_全館商品 ,$359
【小獅王】瑞士小白花嬰兒潤膚乳液 200ML_全館商品 ,$299
【All the Best】CHICCO-嬰兒潤膚油 200ML /罐_全館商品 ,$280
【All the Best】CHICCO-嬰兒加強修護面霜 50ML_全館商品 ,$299
【限量搶購】可愛KT化妝刷7件裝鐵盒套組_全館商品 ,$120
【理膚寶水】身體濕潤霜 400ML / 瓶_全館商品 ,"$1,035"
【理膚寶水】滋養修護潤唇膏 4.7ML /條_全館商品 ,$315
【理膚寶水】滋養藥皂 150g /個_全館商品 ,$315
-花王洗髮精(清新柔涼型-綠)750ML/罐_全館商品 ,$99
-海倫仙度絲(薄荷)去屑洗髮乳750ML  /罐_全館商品 ,$239
【澡享】沐浴乳(牡丹小蒼蘭)1000ml /瓶_全館商品 ,$169
【蜜妮Biore】深層卸妝乳180ml /瓶_全館商品 ,$169
【可伶可俐】深層毛孔潔淨洗面乳100G_全館商品 ,$99
【肌研】極潤健康深層清潔調理洗面乳 100ML_全館商品 ,$236
【水平衡】元素碳男性沐浴乳(麝香)800G_全館商品 ,$149
【理膚寶水】滋養藥皂 150g /個_全館商品 ,$315
【蜜妮Biore】深層卸妝乳180ml /瓶_全館商品 ,$169
【可伶可俐】深層毛孔潔淨洗面乳100G_全館商品 ,$99
【肌研】極潤健康深層清潔調理洗面乳 100ML_全館商品 ,$236
【曼秀雷敦 】藥用抗痘柔珠洗面乳_全館商品 ,$119
【妮維雅】美白洗顏泥100G /支_全館商品 ,$79
-資生堂【UNO】新炭洗顏130g / 條_全館商品 ,$149
【妮維雅】深層卸妝乳200ml_全館商品 ,$199
-新品上市【Avene雅漾】控油清爽卸妝液400ml_全館商品 ,$995
-資生堂【UNO】新潤洗顏130g / 條_全館商品 ,$149
【曼秀雷敦 】Acnes藥用抗痘洗面乳100g_全館商品 ,$109
-花王洗髮精(清新柔涼型-綠)750ML/罐_全館商品 ,$99
-海倫仙度絲(薄荷)去屑洗髮乳750ML  /罐_全館商品 ,$239
【施巴】護色亮采洗髮乳400ML_全館商品 ,$399
【落建】頭皮洗髮乳(保濕豐量) 400ML /瓶_全館商品 ,$339
【落建】頭皮洗髮露(潔淨健髮)200ml / 瓶_全館商品 ,$179
【海倫仙度絲】絲滑去屑洗髮乳750ML_全館商品 ,$259
-弱敏頭皮肌膚適用【自然匯InNature 】頭皮敷膜-舒緩鎮靜(3入/盒)_全館商品 ,$480
【KLORANE】蔻蘿蘭防斷修護洗髮精400ML_全館商品 ,$624
【KLORANE】蔻蘿蘭量感澎鬆潤髮露 150ML_全館商品 ,$384
【KLORANE】蔻蘿蘭控油澎鬆乾洗髮噴霧150ML_全館商品 ,$624
【舒妃】山茶花添加毛髮重建調理膠囊30T_全館商品 ,$299
【理膚寶水】滋養修護潤唇膏 4.7ML /條_全館商品 ,$315
【曼秀雷敦】藥用潤唇膏 護唇膏 3.5g / 條_全館商品 ,$99
【雅漾】活泉滋潤護唇膏4G_全館商品 ,$360
-日本艾迪美護唇膏#乾裂 10G_全館商品 ,$149
【Blistex美國第二大品牌碧唇】碧唇-經典修護潤唇膏 7g_全館商品 ,$149
【Blistex美國第二大品牌碧唇】全效修護潤唇膏4.25g_全館商品 ,$149
【限量搶購】可愛KT化妝刷7件裝鐵盒套組_全館商品 ,$120
【NEO-TEC妮傲絲翠】杏仁酸柔煥膚美白面膜 (4片/盒)_全館商品 ,$607
★小資女首選【來自星星的你】~韓國最夯蝸牛保濕修護面膜(內含100片)_全館商品 ,"$3,900"
【澡享】沐浴乳(牡丹小蒼蘭)1000ml /瓶_全館商品 ,$169
【水平衡】元素碳男性沐浴乳(麝香)800G_全館商品 ,$149
【澡享】沐浴乳(玫瑰風信子)1000ml /瓶_全館商品 ,$169
【施巴】潔膚露 200ml /罐_全館商品 ,$219
【依必朗】抗菌洗手露 300ml / 瓶_全館商品 ,$65
【沙威隆】抗菌溫和沐浴乳(玫瑰精油)1000ml /罐_全館商品 ,$169
-專櫃品牌【CLIVEN香草森林】粉紅軟化角質香水沐浴乳 300ML_全館商品 ,$230
【沙威隆】金盞花萃取洗手乳250G_全館商品 ,$69
【台塑】胺基酸丰潤肌沐浴精 800g/ 2瓶特惠組_全館商品 ,$518
【台塑】冰川水清爽肌沐浴精 800g/ 2瓶特惠組_全館商品 ,$518
【台塑】胺基酸清爽肌沐浴乳 800g/ 2瓶特惠組_全館商品 ,$518
-專櫃品牌【CLIVEN香草森林】粉紅軟化角質香水沐浴乳 300ML_全館商品 ,$230
【理膚寶水】身體濕潤霜 400ML / 瓶_全館商品 ,"$1,035"
【Cetaphil 舒特膚】 ERC5強護保濕精華乳85g / 瓶_全館商品 ,$560
【Cetaphil 舒特膚 】ERC5強護保濕精華乳(乾燥敏感皮膚適用) 85g /瓶_全館商品 ,$560
男士專用【妮維雅】男士全效潤膚霜75ml /瓶_全館商品 ,$119
【專科】完美多效晚安水凝霜100g_全館商品 ,$490
-舒緩肌膚【理膚寶水】B5全面修復霜40ml_全館商品 ,$405
【限時特惠】舒異敏+24H 燕麥精華乳液 200ML/瓶  (買二再送一)_全館商品 ,$680
-日本艾迪美乳霜(罐裝) 120G_全館商品 ,$359
【專科】完美多效早安水凝霜90g_全館商品 ,$499
【Avene雅漾】舒緩乾癢霜 200ML_全館商品 ,"$1,065"
-施巴5.5 抗乾敏保濕乳液 ★~200ML_全館商品 ,$609
【水平衡】元素碳男性沐浴乳(麝香)800G_全館商品 ,$149
男士專用【妮維雅】男士全效潤膚霜75ml /瓶_全館商品 ,$119
【蜜妮】男性專用麝香清新沐浴乳750ml_全館商品 ,$139
【蜜妮】白色妙鼻貼男用 10P_全館商品 ,$89
【伊的】 Hito男性瞬間控油洗面乳 120G /支_全館商品 ,$89
【伊的】 Hito男性清涼按摩洗面乳 120G_全館商品 ,$89
【伊的】 Hito男性炭微粒洗面乳 120G_全館商品 ,$89
【妮維雅】止汗爽身噴霧_經典呵護系列150ml /罐_全館商品 ,$129
【廣源良】噴霧式晒後蘆薈涼膚凝露100ML /瓶_全館商品 ,$129
Banana Boat 香蕉船 [曬後修護] 曬後用蘆薈凝露_全館商品 ,$199
-人氣商品-LOVE FACE 山芙蓉神奇草本修護凝膠~6/30前買12送12只要$6600_全館商品 ,"$6,600"
【理膚寶水】身體濕潤霜 400ML / 瓶_全館商品 ,"$1,035"
【理膚寶水】滋養藥皂 150g /個_全館商品 ,$315
【理膚寶水】全面修復霜B5 100ML /條_全館商品 ,$765
-花王洗髮精(清新柔涼型-綠)750ML/罐_全館商品 ,$99
-海倫仙度絲(薄荷)去屑洗髮乳750ML  /罐_全館商品 ,$239
【Avene雅漾】安敏保濕水凝乳50ml /瓶_全館商品 ,"$1,024"
【澡享】沐浴乳(牡丹小蒼蘭)1000ml /瓶_全館商品 ,$169
【專科】完美防晒水凝膠 80G /瓶_全館商品 ,$323
【Dove多芬】滋養沐浴乳200ML /罐_全館商品 ,$39
【summer`s eve 舒摩兒】淨潤浴潔露237ML /瓶_全館商品 ,$439
-人氣商品-LOVE FACE 山芙蓉神奇草本修護凝膠~6/30前買12送12只要$6600_全館商品 ,"$6,600"
【Avene雅漾】安敏保濕水凝乳50ml /瓶_全館商品 ,"$1,024"
【雅漾】密集美白精華露200ML_全館商品 ,"$1,185"
【雅漾】控油抗痘妝前乳40ml_全館商品 ,$696
【施巴】護色亮采洗髮乳400ML_全館商品 ,$399
【施巴】潔膚露 200ml /罐_全館商品 ,$219
【VICHY薇姿】源生白光潤精華30ml /瓶_全館商品 ,"$1,185"
【VICHY薇姿】源生白光潤精華水100ml /瓶_全館商品 ,$743
-新品上市【Avene雅漾】逆齡緊緻眼霜15ml_全館商品 ,"$1,344"
-新品上市【Avene雅漾】緊實彈力滋養霜(滋潤型) 50ml_全館商品 ,"$1,065"
-新品上市【Avene雅漾】控油清爽卸妝液400ml_全館商品 ,$995
-專櫃品牌【CLIVEN香草森林】粉紅軟化角質香水沐浴乳 300ML_全館商品 ,$230
-專櫃品牌【CLIVEN香草森林】牛奶美白保濕沐浴乳 1000ML /瓶_全館商品 ,$399
【CLIVEN香草森林】羊毛脂+牛奶乳清蛋白沐浴乳(壓頭)500ml_全館商品 ,$370
-專櫃品牌【CLIVEN香草森林 】牙齒保健多功能牙膏(盒裝) 75ML_全館商品 ,$240
-人氣商品-LOVE FACE 山芙蓉神奇草本修護凝膠~6/30前買12送12只要$6600_全館商品 ,"$6,600"
-夏日熱銷排行NO.1【LOVE FACE愛戀顏】UV防曬乳SPF50 50ML_全館商品 ,$799
【LOVE FACE愛戀顏】UV防曬乳SPF28 30ML /瓶_全館商品 ,$980
-回購率NO.1 夏日必備【LOVE FACE愛戀顏】防曬乳液-SPF50 50ml /罐_全館商品 ,$799
-LOVE FACE 山芙蓉神奇草本修護凝膠【買2送1】_全館商品 ,$550
【LOVE FACE愛戀顏】止汗制臭爽身芳香液-40ml / 罐_全館商品 ,$550
-【LOVE FACE】愛戀顏10杯水玻尿酸保濕乳液120ml / 罐_全館商品 ,"$1,490"
-LOVE FACE愛戀顏旅行套組5合1贈精美旅行包_全館商品 ,$999
【LOVE FACE愛戀顏】薏苡芢嫩白精純露 120ML_全館商品 ,"$1,490"
-LOVE FACE愛戀顏10杯水玻尿酸原液 120ml_全館商品 ,"$5,960"
-LOVE FACE愛戀顏 鑽石光煥膚霜30ml_全館商品 ,"$2,980"
【Avene雅漾】安敏保濕水凝乳50ml /瓶_全館商品 ,"$1,024"
【雅漾】密集美白精華露200ML_全館商品 ,"$1,185"
【雅漾】控油抗痘妝前乳40ml_全館商品 ,$696
-新品上市【Avene雅漾】逆齡緊緻眼霜15ml_全館商品 ,"$1,344"
-新品上市【Avene雅漾】緊實彈力滋養霜(滋潤型) 50ml_全館商品 ,"$1,065"
-新品上市【Avene雅漾】控油清爽卸妝液400ml_全館商品 ,$995
【Avene雅漾】再生修護霜 40ml_全館商品 ,$560
-新品上市【Avene雅漾】控油深層淨化潔膚泥_全館商品 ,$780
【Avene雅漾】無皂基潔膚皂 100G_全館商品 ,$265
【Avene雅漾】舒緩乾癢沐浴露 400ML_全館商品 ,"$1,025"
【Avene雅漾】舒護活泉水 300ml_全館商品 ,$640
【施巴】護色亮采洗髮乳400ML_全館商品 ,$399
【施巴】潔膚露 200ml /罐_全館商品 ,$219
【pH5.5 配方】施巴成人防曬乳液SPF50 50ML_全館商品 ,$259
【撫平及淡化細紋，預防肌膚細紋產生】施巴彈力除紋妊娠霜~200ML_全館商品 ,$990
【施巴】潔膚露1000ML_全館商品 ,$750
-施巴5.5 抗乾敏滋潤浴露 ★~1000ML_全館商品 ,$799
【Sebamed】施巴潤澤護唇膏SPF30 一條_全館商品 ,$149
【Sebamed】施巴5.5潤手 護手霜150ML_全館商品 ,$399
【KLORANE】蔻蘿蘭防斷修護洗髮精400ML_全館商品 ,$624
【KLORANE】蔻蘿蘭-三效養髮精華液100ML_全館商品 ,"$1,280"
【KLORANE】蔻蘿蘭量感澎鬆潤髮露 150ML_全館商品 ,$384
【KLORANE】蔻蘿蘭控油澎鬆乾洗髮噴霧150ML_全館商品 ,$624
【KLORANE】蔻蘿蘭-蕁麻控油洗髮精(油性)200ML   1瓶_全館商品 ,$430
【VICHY薇姿】源生白光潤精華30ml /瓶_全館商品 ,"$1,185"
【VICHY薇姿】源生白光潤精華水100ml /瓶_全館商品 ,$743
【VICHY薇姿】R激光賦活女神霜_全館商品 ,"$1,700"
【NEO-TEC妮傲絲翠】杏仁酸柔煥膚美白面膜 (4片/盒)_全館商品 ,$607
★小資女首選【來自星星的你】~韓國最夯蝸牛保濕修護面膜(內含100片)_全館商品 ,"$3,900"
【韓流席捲來台】De rmal保濕亮采面膜-植物胎盤素 6入_全館商品 ,$108
【韓流席捲來台】Dermal保濕亮采面膜-玻尿酸 6入_全館商品 ,$108
【韓流席捲來台】Dermal保濕亮采面膜-小黃瓜 6入_全館商品 ,$108
【韓流席捲來台】Dermal保濕亮采面膜-Q10_全館商品 ,$108
【韓流席捲來台】Dermal保濕亮采面膜-潤白 6入_全館商品 ,$108
【韓流席捲來台】De rmal保濕亮采面膜-珍珠 6入_全館商品 ,$108
【澡享】沐浴乳(牡丹小蒼蘭)1000ml /瓶_全館商品 ,$169
【Dove多芬】滋養沐浴乳200ML /罐_全館商品 ,$39
【澡享】沐浴乳(玫瑰風信子)1000ml /瓶_全館商品 ,$169
【沙威隆】抗菌溫和沐浴乳(玫瑰精油)1000ml /罐_全館商品 ,$169
-綠的抗菌沐浴乳(洋甘菊精油)1000ML /罐_全館商品 ,$149
-專櫃品牌【CLIVEN香草森林】粉紅軟化角質香水沐浴乳 300ML_全館商品 ,$230
【台塑】胺基酸丰潤肌沐浴精 800g/ 2瓶特惠組_全館商品 ,$518
【台塑】冰川水清爽肌沐浴精 800g/ 2瓶特惠組_全館商品 ,$518
【台塑】胺基酸清爽肌沐浴乳 800g/ 2瓶特惠組_全館商品 ,$518
【KLORANE蔻蘿蘭】兒童香草蜂蜜泡泡浴500ML_全館商品 ,$864
【Avene雅漾】無皂基潔膚皂 100G_全館商品 ,$265
【Cetaphil 舒特膚 】ERC5強護保濕精華乳(乾燥敏感皮膚適用) 85g /瓶_全館商品 ,$560
男士專用【妮維雅】男士全效潤膚霜75ml /瓶_全館商品 ,$119
【知名部落客強力推薦】香草森林-活性全效(藍色)護手霜--清爽型 100ML_全館商品 ,$320
-日本YuskinA悠斯晶A乳霜 120G_全館商品 ,$320
【專科】完美防晒水凝膠 80G /瓶_全館商品 ,$323
【 Mustela 慕之恬廊】高效性兒童防曬乳 SPF50 40ML_全館商品 ,$396
【雪芙蘭】超水感高效防曬噴霧(防水型)SPF50+ 50g /瓶_全館商品 ,$179
-3秒防曬不費力【廣源良】沁涼防曬噴霧SPF50 /罐_全館商品 ,$289
-敏弱肌膚適用【Cetaphil 舒特膚】舒特膚 全日護(清爽型)防曬凝乳(SPF30EPA+++)30ml /瓶_全館商品 ,$560
【pH5.5 配方】施巴成人防曬乳液SPF50 50ML_全館商品 ,$259
【超水感。抗日曬】專科水感Q10保濕防曬乳50G_全館商品 ,$279
-夏日熱銷排行NO.1【LOVE FACE愛戀顏】UV防曬乳SPF50 50ML_全館商品 ,$799
【LOVE FACE愛戀顏】UV防曬乳SPF28 30ML /瓶_全館商品 ,$980
-回購率NO.1 夏日必備【LOVE FACE愛戀顏】防曬乳液-SPF50 50ml /罐_全館商品 ,$799
-3秒防曬不費力【廣源良】美白防曬噴霧SPF50 /罐_全館商品 ,$289
【理膚寶水】身體濕潤霜 400ML / 瓶_全館商品 ,"$1,035"
【理膚寶水】全面修復霜B5 100ML /條_全館商品 ,$765
【Cetaphil 舒特膚】 ERC5強護保濕精華乳85g / 瓶_全館商品 ,$560
【Cetaphil 舒特膚 】ERC5強護保濕精華乳(乾燥敏感皮膚適用) 85g /瓶_全館商品 ,$560
男士專用【妮維雅】男士全效潤膚霜75ml /瓶_全館商品 ,$119
【專科】完美透白乳液150ml_全館商品 ,$375
-舒緩肌膚【理膚寶水】B5全面修復霜40ml_全館商品 ,$405
【限時特惠】舒異敏+24H 燕麥精華乳液 200ML/瓶  (買二再送一)_全館商品 ,$680
-日本艾迪美乳霜(罐裝) 120G_全館商品 ,$359
-【LOVE FACE】愛戀顏10杯水玻尿酸保濕乳液120ml / 罐_全館商品 ,"$1,490"
【Avene雅漾】舒緩乾癢霜 200ML_全館商品 ,"$1,065"
【理膚寶水】滋養藥皂 150g /個_全館商品 ,$315
【蜜妮Biore】深層卸妝乳180ml /瓶_全館商品 ,$169
【可伶可俐】深層毛孔潔淨洗面乳100G_全館商品 ,$99
【肌研】極潤健康深層清潔調理洗面乳 100ML_全館商品 ,$236
【曼秀雷敦 】藥用抗痘柔珠洗面乳_全館商品 ,$119
【妮維雅】美白洗顏泥100G /支_全館商品 ,$79
-資生堂【UNO】新炭洗顏130g / 條_全館商品 ,$149
【妮維雅】深層卸妝乳200ml_全館商品 ,$199
-新品上市【Avene雅漾】控油清爽卸妝液400ml_全館商品 ,$995
-資生堂【UNO】新潤洗顏130g / 條_全館商品 ,$149
【曼秀雷敦 】Acnes藥用抗痘洗面乳100g_全館商品 ,$109
【肌研】白潤高效集中淡斑化粧水-清爽型 170ML_全館商品 ,$436
【Cetaphil 舒特膚】 ERC5強護保濕精華乳85g / 瓶_全館商品 ,$560
【VICHY薇姿】源生白光潤精華30ml /瓶_全館商品 ,"$1,185"
【Cetaphil 舒特膚 】ERC5強護保濕精華乳(乾燥敏感皮膚適用) 85g /瓶_全館商品 ,$560
【專科】完美多效晚安水凝霜100g_全館商品 ,$490
【NEO-TEC妮傲絲翠】杏仁酸微煥膚美白菁萃35gm_全館商品 ,"$1,021"
-舒緩肌膚【理膚寶水】B5全面修復霜40ml_全館商品 ,$405
-網路熱賣商品【露得清】水活保濕凝露50G_全館商品 ,$339
-新品上市【Avene雅漾】逆齡緊緻精華乳(日間) 30ml /瓶_全館商品 ,"$1,504"
【專科】完美多效早安水凝霜90g_全館商品 ,$499
【LOVE FACE愛戀顏】薏苡芢嫩白精純露 120ML_全館商品 ,"$1,490"
-LOVE FACE愛戀顏10杯水玻尿酸原液 120ml_全館商品 ,"$5,960"
-花王洗髮精(清新柔涼型-綠)750ML/罐_全館商品 ,$99
-海倫仙度絲(薄荷)去屑洗髮乳750ML  /罐_全館商品 ,$239
【施巴】護色亮采洗髮乳400ML_全館商品 ,$399
【落建】頭皮洗髮乳(保濕豐量) 400ML /瓶_全館商品 ,$339
【落建】頭皮洗髮露(潔淨健髮)200ml / 瓶_全館商品 ,$179
【海倫仙度絲】絲滑去屑洗髮乳750ML_全館商品 ,$259
-弱敏頭皮肌膚適用【自然匯InNature 】頭皮敷膜-舒緩鎮靜(3入/盒)_全館商品 ,$480
【KLORANE】蔻蘿蘭防斷修護洗髮精400ML_全館商品 ,$624
【KLORANE】蔻蘿蘭量感澎鬆潤髮露 150ML_全館商品 ,$384
【舒妃】山茶花添加毛髮重建調理膠囊30T_全館商品 ,$299
【海倫仙度絲】檸檬草去屑洗髮乳750ML_全館商品 ,$259
【summer`s eve 舒摩兒】淨潤浴潔露237ML /瓶_全館商品 ,$439
【舒摩兒】特護型舒粉198G_全館商品 ,$330
【施巴】衛生護潔露 200ML  /瓶_全館商品 ,$299
【summer`s eve】舒摩兒-清新粉霧56.7G(果香)   1入_全館商品 ,$315
【summer`s eve】舒摩兒-防護舒巾 36片  2入_全館商品 ,$360
【durex】杜蕾斯保險套 超薄 12入  一盒_全館商品 ,$199
【glove】極愛-超快感粉嫩潤滑液 100ML  一盒_全館商品 ,$199
【durex】杜蕾斯保險套 激情型 12入  一盒_全館商品 ,$229
【durex】杜蕾斯保險套 螺紋裝(綠色)12入  一盒_全館商品 ,$239
【durex】杜蕾斯保險套 綜合裝  12入  一盒_全館商品 ,$289
【durex】杜蕾斯保險套 凸點裝 12入  一盒_全館商品 ,$249
【durex】杜蕾斯-金超薄保險套12入 一盒_全館商品 ,$279
【durex】杜蕾斯衛生套 超潤滑 12入 一盒_全館商品 ,$269
【日本原裝進口】指險套超薄 24入   1盒_全館商品 ,$269
【OKAMOTO】岡本003蘆薈極薄衛生套10片  1盒_全館商品 ,$339
【durex】杜蕾斯保險套 超薄 12入  一盒_全館商品 ,$199
【glove】極愛-超快感粉嫩潤滑液 100ML  一盒_全館商品 ,$199
【durex】杜蕾斯保險套 激情型 12入  一盒_全館商品 ,$229
【durex】杜蕾斯保險套 螺紋裝(綠色)12入  一盒_全館商品 ,$239
【durex】杜蕾斯保險套 綜合裝  12入  一盒_全館商品 ,$289
【durex】杜蕾斯保險套 凸點裝 12入  一盒_全館商品 ,$249
【durex】杜蕾斯-金超薄保險套12入 一盒_全館商品 ,$279
【durex】杜蕾斯衛生套 超潤滑 12入 一盒_全館商品 ,$269
【日本原裝進口】指險套超薄 24入   1盒_全館商品 ,$269
【OKAMOTO】岡本003蘆薈極薄衛生套10片  1盒_全館商品 ,$339
【官網獨家限量買1送1】蘇菲超熟睡極緻柔貼34CM 12P_全館商品 ,$89
【蘇菲】超熟睡極緻柔貼34CM 12P/包_全館商品 ,$89
-黑人全亮白極緻沁涼薄荷牙膏120G / 條_全館商品 ,$99
【白樂汀】含氟牙膏/清新薄荷(藍 ) 121ML /支_全館商品 ,$280
【包大人】加厚濕紙巾 80抽x24包/箱_全館商品 ,"$1,250"
【Superclean舒克清】環境滅菌液 可攜瓶(隨身瓶)50ml_全館商品 ,$219
【芙玉寶】抗菌透明平安皂(艾草)150g /個_全館商品 ,$29
【熊寶貝】衣物清新噴霧(芬芳粉 )100ML_全館商品 ,$65
【熊寶貝】衣物清新噴霧(森林藍)100ML /瓶_全館商品 ,$65
【桂格】活靈芝6入 /盒_全館商品 ,$339
【維他露御茶園】每朝健康綠茶650ml×24(瓶)【箱】_全館商品 ,$649
【維他露御茶園】每朝健康綠茶650ml×24(瓶)【箱】_全館商品 ,$649
-小兒利撒爾 Q比軟糖(乳酸菌口味) /單包_全館商品 ,$35
【悅氏】礦泉水 600ml (24瓶/箱)_全館商品 ,$216
【波爾】天然水600ML  (24瓶/箱)_全館商品 ,$240
-比利時進口【維維樂】ACE(無糖)Q軟糖量販包240 G /包_全館商品 ,$198
【幸福米寶】泡芙餅乾-原味20g /包_全館商品 ,$89
【比菲多】益生菌軟糖-原味30G / 3包入_全館商品 ,$75
-下殺88折!【豐富口感】桂格-寶寶肉鬆 200g /罐_全館商品 ,$179
-限時箱購價【平衡體內酸鹼值，恢復體內酸鹼值最佳狀態】台鹽海洋離子水850ml*20瓶/箱_全館商品 ,$400
-限時特惠【營養好吃的營養品】金牌森永-頂級綜合羊乳片120粒裝  (買二送一)_全館商品 ,$150
【限時特惠買一送一】金牌森永維他命水果軟糖100g_全館商品 ,$150
-小兒利撒爾 Q比軟糖(乳酸菌口味) /單包_全館商品 ,$35
-比利時進口【維維樂】ACE(無糖)Q軟糖量販包240 G /包_全館商品 ,$198
【限時特惠買一送一】金牌森永維他命水果軟糖100g_全館商品 ,$150
【ACE】字母Q軟糖量販包 240G_全館商品 ,$198
-下殺86折!【小兒零嘴、入口即化】三立-蔬菜乳兒米果 1包內含12小包/3入_全館商品 ,$150
-下殺86折!【小兒零嘴、入口即化】三立-綜合水果蛋酥 130G   3入_全館商品 ,$147
-下殺86折!【小兒零嘴、入口即化】三立-布丁味蛋酥 130G 3入_全館商品 ,$147
【維他露御茶園】每朝健康綠茶650ml×24(瓶)【箱】_全館商品 ,$649
【悅氏】礦泉水 600ml (24瓶/箱)_全館商品 ,$216
【波爾】天然水600ML  (24瓶/箱)_全館商品 ,$240
【幸福米寶】泡芙餅乾-原味20g /包_全館商品 ,$89
-下殺88折!【豐富口感】桂格-寶寶肉鬆 200g /罐_全館商品 ,$179
【貝比瑪瑪】乳酸小饅頭120G /盒_全館商品 ,$128
【幸福米寶】泡芙餅乾-椰香胡蘿蔔20g/包_全館商品 ,$89
【幸福米寶】泡芙餅乾-甜薯20g/包_全館商品 ,$89
【卡洛塔妮】原味營養乳片30T /包_全館商品 ,$49
-限時特惠【超夯網購食品箱購價】稻鴨有機米餅原味10包/箱_全館商品 ,$890
【入口即溶，小孩最愛】嘉寶星星餅(草莓蘋果)42G_全館商品 ,$125
【入口即溶，小孩最愛】嘉寶星星餅(香蕉)42G_全館商品 ,$125
-一次買3包，下殺9折!【日本原裝進口 】日本乳球蛋酥 120g   3入_全館商品 ,$195
-下殺84折!【香濃含鈣美味入口即化】日本小粒乳球蛋酥 100g   3入_全館商品 ,$195
【Superclean舒克清】環境滅菌液 可攜瓶(隨身瓶)50ml_全館商品 ,$219
【Superclean舒克清】肌膚防護液-隨身瓶(可攜瓶)50ml_全館商品 ,$249
-綠色環保清潔【馬尚清】椰子油起泡劑1000ML_全館商品 ,$129
【無毒清潔、居家抗菌】普力-600快速錠 10錠  一入 ~特惠買3送1_全館商品 ,$400
【台塑生醫 Dr’s Formula 】台塑-抗菌隨身防護噴霧  22g_全館商品 ,$99
【值得信賴的好品牌】南僑-水晶肥皂(200G*3入/組)_全館商品 ,$59
-馬尚清茶樹精油洗碗精1000cc_全館商品 ,$99
【最佳好幫手】驅塵氏靜電除塵紙 25張/包  3入_全館商品 ,$165
【過年大掃除，最佳好幫手】尚潔香氛環保清潔袋(大)3入/包 內含5包_全館商品 ,$295
【最佳好幫手】驅塵氏抗菌濕拖巾 檸檬香味 12張/包  3入_全館商品 ,$147
【最佳好幫手】驅塵氏抗菌濕拖巾 茶樹香味 12張/包  3入_全館商品 ,$147
【桂格】活靈芝6入 /盒_全館商品 ,$339
【台糖】蜆精6罐入/盒_全館商品 ,$369
【禮盒裝】親家香檳茸鱸魚萃 10包入/盒_全館商品 ,"$1,900"
【禮盒裝】親家萃滴雞精禮盒60mlx6入/盒_全館商品 ,$890
【健康品牌No. 1】白蘭氏傳統雞精(70g*8入)_全館商品 ,$379
【送禮體面大方 ‧實用粉嫩彌月禮】--Hello Kitty 用品禮盒組(附PES奶瓶)--《粉紅.竹籃》_全館商品 ,$790
【白蘭氏】旭沛蜆精6罐入/盒_全館商品 ,$339
【送禮送好禮】白蘭氏養蔘飲禮盒  8入/盒_全館商品 ,$520
-【新品上市】好奇白金級新生賀禮尿布禮盒_全館商品 ,$899
【滋補聖品】桂格-養氣人蔘禮盒 60ml (8入)_全館商品 ,$460
-【媽媽愛的化身，呵護寶寶，可信賴最佳夥伴】滿意寶寶瞬潔乾爽新生賀禮_全館商品 ,$850
-一匙靈抑菌洗衣粉(1.9kg/盒)_全館商品 ,$119
【好沖洗去油真潔淨 】橘子工坊 生態濃縮洗衣粉 1.6KG 1入_全館商品 ,$269
【bab】培寶綠茶洗衣精促銷包(1罐+2包)  一組_全館商品 ,$499
【天然植物抗菌配方，經SGS專業認證 】白鴿天然酵素洗衣精-植物抑菌 3000g  2入_全館商品 ,$338
【天然植物抗菌配方，經SGS專業認證 】白鴿天然酵素洗衣精-柔纖抑菌 3000g  2入_全館商品 ,$338
【輕鬆搞定頑垢，抵抗細菌威脅】一匙靈-柔膚EX超濃縮洗衣精補充包1.2KG_全館商品 ,$99
【輕鬆搞定頑垢，抵抗細菌威脅】一匙靈-柔膚EX超濃縮洗衣精2.1KG  2入_全館商品 ,$318
【台灣洗衣精的第一品牌】白鴿防螨洗衣精(補充包)綠 2000ML(6包/箱)_全館商品 ,$624
【官網獨家限量買1送1】蘇菲超熟睡極緻柔貼34CM 12P_全館商品 ,$89
【蘇菲】超熟睡極緻柔貼34CM 12P/包_全館商品 ,$89
【靠得住更懂女人心!】溫柔草本抑菌衛生棉(日用 15片x4包)/組_全館商品 ,$260
【日本開發，獨特淡雅香氛因子】蘇菲-繽紛香氣(淡雅香氛)護墊 40片  6入_全館商品 ,$320
【日本開發~天然柔織表層】蘇菲-超輕柔護墊/無香 40片  6入_全館商品 ,$240
【日本開發~天然柔織表層】蘇菲-超輕柔護墊/花香 40片  6入_全館商品 ,$240
【日本新開發[乾爽瞬淨層]】蘇菲-清爽淨肌量少基本17.5CM 18片  6入_全館商品 ,$330
【日本新開發[乾爽瞬淨層]】蘇菲-清爽淨肌夜用超薄潔翼28CM10片  6入_全館商品 ,$420
【日本新開發[乾爽瞬淨層]】蘇菲-清爽淨肌日用超薄潔翼23CM 12片  4入_全館商品 ,$280
【怎麼翻身都不漏】蘇菲-超熟睡超薄乾爽瞬吸層28CM 15片  4入_全館商品 ,$280
【雙環防漏壓邊+超薄設計，閃耀水晶背層】蘇菲彈力貼身抑菌潔淨夜用28CM 13片  4入_全館商品 ,$280
-黑人全亮白極緻沁涼薄荷牙膏120G / 條_全館商品 ,$99
【白樂汀】含氟牙膏/清新薄荷(藍 ) 121ML /支_全館商品 ,$280
【不易分叉與斷裂  】歐樂B牙線(微蠟*2入) /組_全館商品 ,$99
【植物性漢方提煉】康齒速-潔白牙粉_全館商品 ,$200
【有效殺菌 五分鐘快速清潔!】保麗淨-假牙黏著劑 60g_全館商品 ,$260
【全美第一牙醫推薦口乾照護品牌】百樂潔-天然酵素漱口水 600ML_全館商品 ,$320
-專櫃品牌【CLIVEN香草森林 】牙齒保健多功能牙膏(盒裝) 75ML_全館商品 ,$240
【有效減少細菌孳長】保麗淨-假牙清潔錠(局部式活動假牙專用)36T_全館商品 ,$169
【天然漢方配方】齒可健保健牙粉(漢方) 50g_全館商品 ,$200
【經過國內臺北醫學大學口腔研究院臨床證實】T.Ki 蜂膠牙膏 144g_全館商品 ,$250
【清潔假牙第一推薦品牌】保麗淨-假牙黏著劑保護牙齦配方 70G_全館商品 ,$309
【官網獨家限量買1送1】蘇菲超熟睡極緻柔貼34CM 12P_全館商品 ,$89
【包大人】加厚濕紙巾 80抽x24包/箱_全館商品 ,"$1,250"
【芙玉寶】抗菌透明平安皂(艾草)150g /個_全館商品 ,$29
【熊寶貝】衣物清新噴霧(芬芳粉 )100ML_全館商品 ,$65
【熊寶貝】衣物清新噴霧(森林藍)100ML /瓶_全館商品 ,$65
【維他露御茶園】每朝健康綠茶650ml×24(瓶)【箱】_全館商品 ,$649
【小不叮】小黑蚊驅蚊貼片12P(嬰幼用)_全館商品 ,$150
【培寶】超厚柔護手口臉用柔濕巾80抽(3包入/串) 箱購6串共18包/箱_全館商品 ,$895
-韓方密帖【悠安美】樹液養足貼-舒緩金盞花(單片入)_全館商品 ,$59
-呵護小公主【嬌生嬰兒】活力亮澤洗髮露 (摩洛哥堅果油) 500ml / 罐_全館商品 ,$169
【Probo博寶兒】護敏洗髮露-佩佩豬 500ML / 罐_全館商品 ,$159
【金補體素】P80-100%乳清蛋白 500G /罐_全館商品 ,$750
【亞培安素】香草清甜禮盒8罐裝 /盒_全館商品 ,$495
【箱購免運】亞培葡勝納SR菁選-原味無糖 *30罐/箱_全館商品 ,"$2,250"
-免運箱購價【亞培安素】原味菁選(不甜)237ML (24瓶/箱)_全館商品 ,"$1,500"
-新品上市【包大人】防漏安心復健褲XL  (12片x4包) /箱_全館商品 ,"$1,350"
-新品上市【包大人】防漏安心復健褲M  (16片x4包) /箱_全館商品 ,"$1,350"
-新品上市【包大人】防漏安心復健褲L  (14片x4包) /箱_全館商品 ,"$1,350"
-亞培安素(香草清甜)250ML (24瓶/箱)X2箱_全館商品 ,"$2,680"
-亞培葡勝納菁選禮盒8罐裝_全館商品 ,$685
-亞培倍力素經典香草8入裝禮盒_全館商品 ,"$1,500"
-亞培安素 沛力237ML 24罐/箱_全館商品 ,"$1,560"
-新品上市【包大人】防漏安心復健褲XL  (12片x4包) /箱_全館商品 ,"$1,350"
-新品上市【包大人】防漏安心復健褲M  (16片x4包) /箱_全館商品 ,"$1,350"
-新品上市【包大人】防漏安心復健褲L  (14片x4包) /箱_全館商品 ,"$1,350"
-全新升級【來復易】來復易整夜一片就安心24P  (6包/箱)_全館商品 ,$954
-【來復易】長時間舒適看護墊8P (12包/箱)_全館商品 ,"$1,320"
-包大人親膚經濟型M-L 16+2P /6包/箱_全館商品 ,"$1,350"
-【添寧】貼心敢動褲M (10片) 4包/箱_全館商品 ,$800
-【日本原裝進口，銷售第一】來復易輕薄XL活力褲7片  (4包/箱)_全館商品 ,$736
-【營養補充】亞培安素(原味/不甜)237MLX 24罐X2箱優惠區_全館商品 ,"$2,740"
【完全封閉式包覆鎖濕設計】安親乾爽抑菌看護墊XL (8+2片)  12包/箱_全館商品 ,"$1,068"
【有效抑制金黃色葡萄球菌達99.9%】安安淨爽型成褲M 15片 6包/箱_全館商品 ,"$1,554"
【金補體素】P80-100%乳清蛋白 500G /罐_全館商品 ,$750
【亞培安素】香草清甜禮盒8罐裝 /盒_全館商品 ,$495
【箱購免運】亞培葡勝納SR菁選-原味無糖 *30罐/箱_全館商品 ,"$2,250"
-免運箱購價【亞培安素】原味菁選(不甜)237ML (24瓶/箱)_全館商品 ,"$1,500"
-亞培安素(香草清甜)250ML (24瓶/箱)X2箱_全館商品 ,"$2,680"
-亞培葡勝納菁選禮盒8罐裝_全館商品 ,$685
-亞培倍力素經典香草8入裝禮盒_全館商品 ,"$1,500"
-亞培安素 沛力237ML 24罐/箱_全館商品 ,"$1,560"
-亞培葡勝納SR奶粉850G /罐_全館商品 ,$980
-倍速癌症專用配方_卡布奇諾200ml 24瓶 / 箱 (德國進口)_全館商品 ,"$4,550"
-【新包裝】亞培倍力素經典香草奶水220MLx21罐/箱_全館商品 ,"$3,780"
-網路熱賣商品【露得清】水活保濕凝露50G_全館商品 ,$339
【限時特惠】舒異敏+24H 燕麥精華乳液 200ML/瓶  (買二再送一)_全館商品 ,$680
-日本艾迪美乳霜(罐裝) 120G_全館商品 ,$359
-日本艾迪美護唇膏#乾裂 10G_全館商品 ,$149
-【營養補充】亞培安素(原味/不甜)237MLX 24罐X2箱優惠區_全館商品 ,"$2,740"
【護德你】醫用成人口罩 6入*10包/盒_全館商品 ,$250
-【LOVE FACE】愛戀顏10杯水玻尿酸保濕乳液120ml / 罐_全館商品 ,"$1,490"
【年度銷售冠軍NO.1】馬尚豪元氣補帖10瓶X15ml /盒 【特惠買二盒再送一盒】_全館商品 ,$550
【回購率NO.1】馬尚豪元氣補帖10瓶X15ml 集殺團購優惠價：$27500/50盒，買50再送您50盒哦！_全館商品 ,"$27,500"
【施巴5.5】施巴嬰兒舒敏乳液200ML 一罐_全館商品 ,$399
-馬尚豪納豆通之元60粒/盒 【特惠買二再送一】_全館商品 ,"$1,800"
-網路熱賣商品【露得清】水活保濕凝露50G_全館商品 ,$339
【限時特惠】舒異敏+24H 燕麥精華乳液 200ML/瓶  (買二再送一)_全館商品 ,$680
-日本艾迪美乳霜(罐裝) 120G_全館商品 ,$359
-日本艾迪美護唇膏#乾裂 10G_全館商品 ,$149
-【營養補充】亞培安素(原味/不甜)237MLX 24罐X2箱優惠區_全館商品 ,"$2,740"
【護德你】醫用成人口罩 6入*10包/盒_全館商品 ,$250
-【LOVE FACE】愛戀顏10杯水玻尿酸保濕乳液120ml / 罐_全館商品 ,"$1,490"
【年度銷售冠軍NO.1】馬尚豪元氣補帖10瓶X15ml /盒 【特惠買二盒再送一盒】_全館商品 ,$550
【回購率NO.1】馬尚豪元氣補帖10瓶X15ml 集殺團購優惠價：$27500/50盒，買50再送您50盒哦！_全館商品 ,"$27,500"
【施巴5.5】施巴嬰兒舒敏乳液200ML 一罐_全館商品 ,$399
-馬尚豪納豆通之元60粒/盒 【特惠買二再送一】_全館商品 ,"$1,800"
-【護德你】醫用成人/兒童口罩 (6入/包)_全館商品 ,$30
【船井】酸痛按摩機_全館商品 ,"$3,880"
【護德你】醫用成人口罩 6入*10包/盒_全館商品 ,$250
【極速精準測量】muva繽紛樂電子體重計 粉-5401 1入_全館商品 ,$599
-【護德你】醫用成人/兒童口罩 (6入/包)_全館商品 ,$30
【船井】酸痛按摩機_全館商品 ,"$3,880"
【護德你】醫用成人口罩 6入*10包/盒_全館商品 ,$250
【極速精準測量】muva繽紛樂電子體重計 粉-5401 1入_全館商品 ,$599
【維持關膝良好的關鍵鏈】~馬尚豪-康博士膜衣錠#大/300錠~【買2送1】_全館商品 ,"$3,000"
【維持關膝良好的關鍵鏈】~馬尚豪-康博士膜衣錠#小/90錠~【買2送1】_全館商品 ,"$1,000"
【 Love Child 加拿大寶貝泥 】優格寶-黑莓.覆盆子莓.西洋梨.香蕉128ml_全館商品 ,$118
【 Love Child 加拿大寶貝泥 】優格寶-蘋果.草莓.維多利亞大黃菜128ml_全館商品 ,$118
【 Love Child 加拿大寶貝泥 】均衡寶系列-菠菜.綠花椰菜.奇異果.蘋果128ml_全館商品 ,$118
【 Love Child 加拿大寶貝泥 】均衡寶系列-玉米.胡南瓜.蘋果128ml_全館商品 ,$118
【 Love Child 加拿大寶貝泥 】均衡寶系列-藍莓.香蕉.蘋果128ml_全館商品 ,$118
【 Love Child 加拿大寶貝泥 】均衡寶系列-藍莓、甘藷、紅蘿蔔、蘋果128ml_全館商品 ,$118
-人氣商品-LOVE FACE 山芙蓉神奇草本修護凝膠~6/30前買12送12只要$6600_全館商品 ,"$6,600"
【官網獨家限量買1送1】蘇菲超熟睡極緻柔貼34CM 12P_全館商品 ,$89
【理膚寶水】身體濕潤霜 400ML / 瓶_全館商品 ,"$1,035"
【外出媽咪必備】六甲村-10055寬口拋棄式奶瓶五入組_全館商品 ,$119
【外出媽咪必備】六甲村-10056拋棄式奶瓶專用配件組_全館商品 ,$79
【外出媽咪必備】舒適牌~兩用兒童乘車輔助帶(顏色隨機)_全館商品 ,$470
【西瓜哥哥限定組合】T-Spray kids&兒童含鈣健齒噴霧(葡萄口味)_全館商品 ,$269
【西瓜哥哥限定組合】T-Spray kids兒童含鈣健齒噴霧(草莓口味)_全館商品 ,$269
【西瓜哥哥限定組合】T-Spray kids兒童含鈣健齒噴霧(牛奶口味)_全館商品 ,$269
【 Love Child 加拿大寶貝泥 】均衡寶系列-菠菜.綠花椰菜.奇異果.蘋果128ml_全館商品 ,$118
【限量搶購】可愛KT化妝刷7件裝鐵盒套組_全館商品 ,$120
【彌月送禮首選】幫寶適一級幫禮盒(S*2+M*1)_全館商品 ,"$1,239"
【新品上市】滿意寶寶極緻呵護M 62P *4包/箱_全館商品 ,"$2,080"
【理膚寶水】滋養修護潤唇膏 4.7ML /條_全館商品 ,$315
【維持關膝良好的關鍵鏈】~馬尚豪-康博士膜衣錠#小/90錠~【買2送1】_全館商品 ,"$1,000"
-人氣商品-LOVE FACE 山芙蓉神奇草本修護凝膠~6/30前買12送12只要$6600_全館商品 ,"$6,600"
【新品上市】滿意寶寶極緻呵護L 52P *4包/箱_全館商品 ,"$2,080"
【新品上市】滿意寶寶極緻呵護S 60P*4包/箱_全館商品 ,"$1,620"
【新品上市】滿意寶寶極緻呵護M 62P *4包/箱_全館商品 ,"$2,080"
【新包裝】滿意寶寶M瞬潔乾爽 62片*4包/箱_全館商品 ,"$1,650"
【新包裝】滿意寶寶L瞬潔乾爽52片 *4包/箱_全館商品 ,"$1,650"
【新包裝】滿意寶寶XL瞬潔乾爽44片 *4包/箱_全館商品 ,"$1,650"
【亞培安素】香草清甜禮盒8罐裝 /盒_全館商品 ,$495
【箱購免運】亞培葡勝納SR菁選-原味無糖 *30罐/箱_全館商品 ,"$2,250"
-免運箱購價【亞培安素】原味菁選(不甜)237ML (24瓶/箱)_全館商品 ,"$1,500"
-人氣商品-LOVE FACE 山芙蓉神奇草本修護凝膠~6/30前買12送12只要$6600_全館商品 ,"$6,600"
【官網獨家限量買1送1】蘇菲超熟睡極緻柔貼34CM 12P_全館商品 ,$89
-呵護小公主【嬌生嬰兒】活力亮澤洗髮露 (摩洛哥堅果油) 500ml / 罐_全館商品 ,$169
【Probo博寶兒】護敏洗髮露-佩佩豬 500ML / 罐_全館商品 ,$159
【沛力明升級版】馬尚豪-沛力明晶鑽60T/罐 (買4再送3)_全館商品 ,"$1,800"
【馬尚豪】草本蜂膠口含錠 20T /盒_全館商品 ,$120
-馬尚豪_魚油+深海鮫魚肝油軟膠囊 90T  /瓶 (買二瓶再送一瓶)_全館商品 ,"$1,500"
-馬尚豪E敏素60T (需冷藏) /盒_全館商品 ,"$2,000"
【護德你】防護液100ML  / 瓶_全館商品 ,$199
【藥師熊】蘋果牛奶嬰兒潤膚乳液 395ML /2瓶_全館商品 ,$198
【藥師熊】蘋果牛奶嬰兒洗髮沐浴露 395ML /2瓶_全館商品 ,$198
【外出媽咪必備】六甲村-10055寬口拋棄式奶瓶五入組_全館商品 ,$119
【維持關膝良好的關鍵鏈】~馬尚豪-康博士膜衣錠#大/300錠~【買2送1】_全館商品 ,"$3,000"
【維持關膝良好的關鍵鏈】~馬尚豪-康博士膜衣錠#小/90錠~【買2送1】_全館商品 ,"$1,000"
-亞培小安素強護奶粉 1600G/罐_全館商品 ,"$1,239"
-馬尚豪-一日鈣 30T/瓶 (買兩瓶再送一瓶)_全館商品 ,$500
【關節保養】關力素全素MK-7型乳油木果50T  /罐_全館商品 ,"$1,500"
【孕哺兒 小兒系列】小維他營養嚼錠150粒 / 罐_全館商品 ,$499
-新品上市【孕哺兒】媽媽葉酸口嚼錠60粒 /罐_全館商品 ,$499
-金克寧銀養奶粉#雙效配方1.5KG /罐_全館商品 ,$760
【桂格】活靈芝6入 /盒_全館商品 ,$339
【台糖】蜆精6罐入/盒_全館商品 ,$369
【彌月送禮首選】幫寶適一級幫禮盒(S*2+M*1)_全館商品 ,"$1,239"
【亞培安素】香草清甜禮盒8罐裝 /盒_全館商品 ,$495
【台糖】蜆精6罐入/盒_全館商品 ,$369
【禮盒裝】親家萃滴雞精禮盒60mlx6入/盒_全館商品 ,$890
【貝恩】嬰兒歡心禮盒4件組_全館商品 ,$589
【健康品牌No. 1】白蘭氏傳統雞精(70g*8入)_全館商品 ,$379
【送禮體面大方 ‧實用粉嫩彌月禮】--Hello Kitty 用品禮盒組(附PES奶瓶)--《粉紅.竹籃》_全館商品 ,$790
-馬尚豪金有機活力養生素(加強版)_900G/罐 (買3罐再送1罐)_全館商品 ,$850
-馬尚豪-美力股葡萄糖胺液 加強版 750ML /罐【買二罐再送一罐】_全館商品 ,"$1,500"
【年度銷售冠軍NO.1】馬尚豪元氣補帖10瓶X15ml /盒 【特惠買二盒再送一盒】_全館商品 ,$550
【白蘭氏】旭沛蜆精6罐入/盒_全館商品 ,$339
【專科】完美防晒水凝膠 80G /瓶_全館商品 ,$323
【叮寧】寶貝有機(慕斯)精油小黑蚊防蚊液50g /罐_全館商品 ,$279
【 Mustela 慕之恬廊】高效性兒童防曬乳 SPF50 40ML_全館商品 ,$396
【HELLO KITTY 】凱蒂貓造型防蚊貼片12+6P /盒_全館商品 ,$89
【香蕉船】兒童系列防曬乳液SPF50 90ml /罐_全館商品 ,$299
【小不叮】驅蚊滾珠乳100ML升級版(全家用) / 瓶_全館商品 ,$330
【叮寧】寶貝有機精油小黑蚊防蚊液80g /罐_全館商品 ,$289
【小不叮】驅蚊噴霧120ML升級版(嬰幼用)_全館商品 ,$320
【小不叮】小黑蚊驅蚊貼片12P(嬰幼用)_全館商品 ,$150
【雪芙蘭】超水感高效防曬噴霧(防水型)SPF50+ 50g /瓶_全館商品 ,$179
-3秒防曬不費力【廣源良】沁涼防曬噴霧SPF50 /罐_全館商品 ,$289
【維持關膝良好的關鍵鏈】~馬尚豪-康博士膜衣錠#小/90錠~【買2送1】_全館商品 ,"$1,000"
-藻寡醣褐抑定粉劑 250包入/盒_全館商品 ,"$30,000"
-銀寶善存 50+女性綜合維他命120T_全館商品 ,$899
-馬尚豪金有機活力養生素(加強版)_900G/罐 (買3罐再送1罐)_全館商品 ,$850
-馬尚豪-美力股葡萄糖胺液 加強版 750ML /罐【買二罐再送一罐】_全館商品 ,"$1,500"
-馬尚豪-維他命B-50膠囊 100T/瓶 (買二瓶再送一瓶)_全館商品 ,"$1,200"
【年度銷售冠軍NO.1】馬尚豪元氣補帖10瓶X15ml /盒 【特惠買二盒再送一盒】_全館商品 ,$550
-馬尚豪-德仙寶膠囊 30T /瓶【特惠下單二瓶再送一瓶】_全館商品 ,"$1,000"
-官網限定【健步如飛組】美力股葡萄糖胺液_加強版(750ml/瓶)+馬尚豪珊鈣好(120粒/盒)_全館商品 ,"$3,000"
-馬尚豪 珊鈣好120T/盒 (買二盒再送一盒)_全館商品 ,"$1,500"
銀寶善存 50+男性綜合維他命120T_全館商品 ,$899
【自然補劑】勤寮素左旋麩醯胺酸複方粉300g  一罐_全館商品 ,"$1,500"
-【濡洱沐康】全方位胺基酸 600G-杏仁口味/罐  (買10罐送2罐)_全館商品 ,"$1,200"
-藻寡醣-加強配方60T_全館商品 ,"$3,000"
【沛力明升級版】馬尚豪-沛力明晶鑽60T/罐 (買4再送3)_全館商品 ,"$1,800"
-菁采葉黃素複方軟膠囊60粒(全素)_全館商品 ,$900
-馬尚豪納豆通之元60粒/盒 【特惠買二再送一】_全館商品 ,"$1,800"
【靠得住】柔綿超薄產褥墊35cm 20片/包_全館商品 ,$69
-新品上市【孕哺兒】媽媽葉酸口嚼錠60粒 /罐_全館商品 ,$499
-日本OSAKI Monari清淨棉40入/盒_全館商品 ,$164
-韓國 【BABYJOY 】站立量杯型感溫抗菌母乳儲存袋200ml(30入) /盒_全館商品 ,$189
-新品上市【美強生】優生媽媽A+奶粉 900G /罐_全館商品 ,$669
-日本《Pigeon 貝親》防溢乳墊126P/包_全館商品 ,$359
【德國品牌】貝恩美體撫紋霜200ML 一罐_全館商品 ,$899
【撫平及淡化細紋，預防肌膚細紋產生】施巴彈力除紋妊娠霜~200ML_全館商品 ,$990
【Mustela慕之恬廊】慕之孕孕膚霜 150ml / 瓶_全館商品 ,"$1,145"
【德國sanosan珊諾】天然海洋香洗髮沐浴露250ml_全館商品 ,$159
【貝親】乳頭清淨棉_全館商品 ,$199
【外出媽咪必備】六甲村-10055寬口拋棄式奶瓶五入組_全館商品 ,$119
【外出媽咪必備】六甲村-10056拋棄式奶瓶專用配件組_全館商品 ,$79
【外出媽咪必備】舒適牌~兩用兒童乘車輔助帶(顏色隨機)_全館商品 ,$470
【西瓜哥哥限定組合】T-Spray kids&兒童含鈣健齒噴霧(葡萄口味)_全館商品 ,$269
【西瓜哥哥限定組合】T-Spray kids兒童含鈣健齒噴霧(草莓口味)_全館商品 ,$269
【西瓜哥哥限定組合】T-Spray kids兒童含鈣健齒噴霧(牛奶口味)_全館商品 ,$269
【 Love Child 加拿大寶貝泥 】優格寶-黑莓.覆盆子莓.西洋梨.香蕉128ml_全館商品 ,$118
【 Love Child 加拿大寶貝泥 】優格寶-蘋果.草莓.維多利亞大黃菜128ml_全館商品 ,$118
【 Love Child 加拿大寶貝泥 】均衡寶系列-菠菜.綠花椰菜.奇異果.蘋果128ml_全館商品 ,$118
【 Love Child 加拿大寶貝泥 】均衡寶系列-玉米.胡南瓜.蘋果128ml_全館商品 ,$118
【 Love Child 加拿大寶貝泥 】均衡寶系列-藍莓.香蕉.蘋果128ml_全館商品 ,$118
【限量搶購】可愛KT化妝刷7件裝鐵盒套組_全館商品 ,$120
【理膚寶水】身體濕潤霜 400ML / 瓶_全館商品 ,"$1,035"
【理膚寶水】滋養修護潤唇膏 4.7ML /條_全館商品 ,$315
【理膚寶水】滋養藥皂 150g /個_全館商品 ,$315
-花王洗髮精(清新柔涼型-綠)750ML/罐_全館商品 ,$99
-海倫仙度絲(薄荷)去屑洗髮乳750ML  /罐_全館商品 ,$239
【澡享】沐浴乳(牡丹小蒼蘭)1000ml /瓶_全館商品 ,$169
【蜜妮Biore】深層卸妝乳180ml /瓶_全館商品 ,$169
【可伶可俐】深層毛孔潔淨洗面乳100G_全館商品 ,$99
【肌研】極潤健康深層清潔調理洗面乳 100ML_全館商品 ,$236
【水平衡】元素碳男性沐浴乳(麝香)800G_全館商品 ,$149
-人氣商品-LOVE FACE 山芙蓉神奇草本修護凝膠~6/30前買12送12只要$6600_全館商品 ,"$6,600"
【理膚寶水】身體濕潤霜 400ML / 瓶_全館商品 ,"$1,035"
【理膚寶水】滋養藥皂 150g /個_全館商品 ,$315
【理膚寶水】全面修復霜B5 100ML /條_全館商品 ,$765
-花王洗髮精(清新柔涼型-綠)750ML/罐_全館商品 ,$99
-海倫仙度絲(薄荷)去屑洗髮乳750ML  /罐_全館商品 ,$239
【Avene雅漾】安敏保濕水凝乳50ml /瓶_全館商品 ,"$1,024"
【澡享】沐浴乳(牡丹小蒼蘭)1000ml /瓶_全館商品 ,$169
【專科】完美防晒水凝膠 80G /瓶_全館商品 ,$323
【Dove多芬】滋養沐浴乳200ML /罐_全館商品 ,$39
【summer`s eve 舒摩兒】淨潤浴潔露237ML /瓶_全館商品 ,$439
【官網獨家限量買1送1】蘇菲超熟睡極緻柔貼34CM 12P_全館商品 ,$89
【蘇菲】超熟睡極緻柔貼34CM 12P/包_全館商品 ,$89
-黑人全亮白極緻沁涼薄荷牙膏120G / 條_全館商品 ,$99
【白樂汀】含氟牙膏/清新薄荷(藍 ) 121ML /支_全館商品 ,$280
【包大人】加厚濕紙巾 80抽x24包/箱_全館商品 ,"$1,250"
【Superclean舒克清】環境滅菌液 可攜瓶(隨身瓶)50ml_全館商品 ,$219
【芙玉寶】抗菌透明平安皂(艾草)150g /個_全館商品 ,$29
【熊寶貝】衣物清新噴霧(芬芳粉 )100ML_全館商品 ,$65
【熊寶貝】衣物清新噴霧(森林藍)100ML /瓶_全館商品 ,$65
【桂格】活靈芝6入 /盒_全館商品 ,$339
【維他露御茶園】每朝健康綠茶650ml×24(瓶)【箱】_全館商品 ,$649
【金補體素】P80-100%乳清蛋白 500G /罐_全館商品 ,$750
【亞培安素】香草清甜禮盒8罐裝 /盒_全館商品 ,$495
【箱購免運】亞培葡勝納SR菁選-原味無糖 *30罐/箱_全館商品 ,"$2,250"
-免運箱購價【亞培安素】原味菁選(不甜)237ML (24瓶/箱)_全館商品 ,"$1,500"
-新品上市【包大人】防漏安心復健褲XL  (12片x4包) /箱_全館商品 ,"$1,350"
-新品上市【包大人】防漏安心復健褲M  (16片x4包) /箱_全館商品 ,"$1,350"
-新品上市【包大人】防漏安心復健褲L  (14片x4包) /箱_全館商品 ,"$1,350"
-亞培安素(香草清甜)250ML (24瓶/箱)X2箱_全館商品 ,"$2,680"
-亞培葡勝納菁選禮盒8罐裝_全館商品 ,$685
-亞培倍力素經典香草8入裝禮盒_全館商品 ,"$1,500"
-亞培安素 沛力237ML 24罐/箱_全館商品 ,"$1,560"
-網路熱賣商品【露得清】水活保濕凝露50G_全館商品 ,$339
【限時特惠】舒異敏+24H 燕麥精華乳液 200ML/瓶  (買二再送一)_全館商品 ,$680
-日本艾迪美乳霜(罐裝) 120G_全館商品 ,$359
-日本艾迪美護唇膏#乾裂 10G_全館商品 ,$149
-【營養補充】亞培安素(原味/不甜)237MLX 24罐X2箱優惠區_全館商品 ,"$2,740"
【護德你】醫用成人口罩 6入*10包/盒_全館商品 ,$250
-【LOVE FACE】愛戀顏10杯水玻尿酸保濕乳液120ml / 罐_全館商品 ,"$1,490"
【年度銷售冠軍NO.1】馬尚豪元氣補帖10瓶X15ml /盒 【特惠買二盒再送一盒】_全館商品 ,$550
【回購率NO.1】馬尚豪元氣補帖10瓶X15ml 集殺團購優惠價：$27500/50盒，買50再送您50盒哦！_全館商品 ,"$27,500"
【施巴5.5】施巴嬰兒舒敏乳液200ML 一罐_全館商品 ,$399
-馬尚豪納豆通之元60粒/盒 【特惠買二再送一】_全館商品 ,"$1,800"
-【護德你】醫用成人/兒童口罩 (6入/包)_全館商品 ,$30
【船井】酸痛按摩機_全館商品 ,"$3,880"
【護德你】醫用成人口罩 6入*10包/盒_全館商品 ,$250
【極速精準測量】muva繽紛樂電子體重計 粉-5401 1入_全館商品 ,$599
【維持關膝良好的關鍵鏈】~馬尚豪-康博士膜衣錠#大/300錠~【買2送1】_全館商品 ,"$3,000"
【維持關膝良好的關鍵鏈】~馬尚豪-康博士膜衣錠#小/90錠~【買2送1】_全館商品 ,"$1,000"
【 Love Child 加拿大寶貝泥 】優格寶-黑莓.覆盆子莓.西洋梨.香蕉128ml_全館商品 ,$118
【 Love Child 加拿大寶貝泥 】優格寶-蘋果.草莓.維多利亞大黃菜128ml_全館商品 ,$118
【 Love Child 加拿大寶貝泥 】均衡寶系列-菠菜.綠花椰菜.奇異果.蘋果128ml_全館商品 ,$118
【 Love Child 加拿大寶貝泥 】均衡寶系列-玉米.胡南瓜.蘋果128ml_全館商品 ,$118
【 Love Child 加拿大寶貝泥 】均衡寶系列-藍莓.香蕉.蘋果128ml_全館商品 ,$118
【 Love Child 加拿大寶貝泥 】均衡寶系列-藍莓、甘藷、紅蘿蔔、蘋果128ml_全館商品 ,$118
-人氣商品-LOVE FACE 山芙蓉神奇草本修護凝膠~6/30前買12送12只要$6600_全館商品 ,"$6,600"
【官網獨家限量買1送1】蘇菲超熟睡極緻柔貼34CM 12P_全館商品 ,$89
【理膚寶水】身體濕潤霜 400ML / 瓶_全館商品 ,"$1,035"
【外出媽咪必備】六甲村-10055寬口拋棄式奶瓶五入組_全館商品 ,$119
【外出媽咪必備】六甲村-10056拋棄式奶瓶專用配件組_全館商品 ,$79
【外出媽咪必備】舒適牌~兩用兒童乘車輔助帶(顏色隨機)_全館商品 ,$470
【西瓜哥哥限定組合】T-Spray kids&兒童含鈣健齒噴霧(葡萄口味)_全館商品 ,$269
【西瓜哥哥限定組合】T-Spray kids兒童含鈣健齒噴霧(草莓口味)_全館商品 ,$269
【西瓜哥哥限定組合】T-Spray kids兒童含鈣健齒噴霧(牛奶口味)_全館商品 ,$269
【 Love Child 加拿大寶貝泥 】均衡寶系列-菠菜.綠花椰菜.奇異果.蘋果128ml_全館商品 ,$118
【限量搶購】可愛KT化妝刷7件裝鐵盒套組_全館商品 ,$120
【彌月送禮首選】幫寶適一級幫禮盒(S*2+M*1)_全館商品 ,"$1,239"
【新品上市】滿意寶寶極緻呵護M 62P *4包/箱_全館商品 ,"$2,080"
【理膚寶水】滋養修護潤唇膏 4.7ML /條_全館商品 ,$315
