康心思康光漾膠囊 60粒,"NT$ 1,800 元"
康心海洋膠原蛋白 5g*30包/盒,"NT$ 1,500 元"
康心藍藻錠 200錠,"NT$ 1,200 元"
沙棘護理凝膠 75g,NT$ 700 元
沙棘護理凝膠 15g,NT$ 200 元
麗康蜂皇乳補精 10安瓶,"NT$ 1,200 元"
康心二型膠原蛋白膠囊 60粒,"NT$ 1,200 元"
南極磷蝦油複方軟膠囊 60粒,"NT$ 1,800 元"
康心初乳紅藻鈣 60粒,NT$ 900 元
萊樂美天然維生素B群膠囊 60粒,NT$ 900 元
卵磷脂軟膠囊 60粒,NT$ 900 元
芙蕾蒙軟膠囊 60粒,"NT$ 1,200 元"
日本GSH紅景天複方膠囊 60粒,"NT$ 1,800 元"
日本褐藻醣膠膠囊 60粒,"NT$ 2,400 元"
頂級沙棘籽油軟膠囊 60粒,"NT$ 2,000 元"
頂級沙棘籽油滴劑 30ml,"NT$ 1,800 元"
康心頂級蜂皇乳軟膠囊 370粒,"NT$ 6,000 元"
康心頂級蜂皇乳軟膠囊 150粒,"NT$ 3,000 元"
康心洛蔓益生菌 2g*30包,"NT$ 1,200 元"
康心益生元粉包 5g*60包,"NT$ 1,200 元"
鈣補力胺基酸螯合鈣錠 60錠,"NT$ 1,200 元"
頂級樟芝蟲草複方膠囊 60粒,"NT$ 1,800 元"
康心頂級藻紅素複方軟膠囊 60粒,"NT$ 1,800 元"
Reto嬰幼兒綠乳+押頭皮膚滋潤劑 ,NT$ 550 元
Reto嬰幼兒原型燕麥膠體滋潤身體乳液 250ml,NT$ 550 元
Reto嬰幼兒油垢頭皮洗髮精 250ml,NT$ 350 元
Reto天然硫分子洗面皂 90gm,NT$ 360 元
Reto每日用(中性頭皮)髮精1250ml,NT$ 450 元
Reto女性外用生理清洗液 320ml,NT$ 350 元
客疲顏原型膠體浴液 720ml,NT$ 380 元
客疲顏純香柚清潔凝膠135ml,NT$ 280 元
Reto深層抗油洗髮精720ml,NT$ 480 元
Reto燕麥膠狀浴液 720ml,NT$ 480 元
客疲顏潤絲精(一般髮質)750ml,NT$ 260 元
客疲顏燕麥膠體身體乳液 250ml,NT$ 520 元
客疲顏洗髮精(抗油深層)-加強型 750ml,NT$ 360 元
客疲顏洗髮精(乾燥敏感) 750ml,NT$ 310 元
客疲顏洗髮精(抗油深層) 750ml,NT$ 320 元
客疲顏微酸液皂配方浴液 750ml,NT$ 350 元
利清暢體內環保酵素粉 2.5g*60包/盒,"NT$ 2,800 元"
利清暢體內環保酵素粉 2.5g*120包/盒,"NT$ 4,800 元"
利清暢體內環保酵素錠 400mg/60錠,NT$ 720 元
利清暢體內環保酵素錠 400mg 3錠*60包/盒,"NT$ 2,000 元"
利清暢體內環保酵素錠 400mg/120錠,"NT$ 1,260 元"
利清暢體內環保酵素錠 400mg/200錠,"NT$ 1,800 元"
